M00000.0	황건적의 난과 도원결의
M00002.0	조조의 거병과 반동탁 연합
M00004.0	여포의 연주 강탈과 소패왕
M00006.0	관도대전과 중원의 패자
M00008.0	삼고초려와 적벽대전
M00010.0	주유의 죽음과 마초의 복수
M00012.0	한중왕 유비와 관우의 실책
M00014.0	남만왕 맹획과 제갈량 남정
M00016.0	제5차 북벌과 제갈량의 죽음
M00018.0	검각 공방과 촉의 멸망
M00020.0	손견의 중흥
M00022.0	백마장군의 위세
M00024.0	황제 여포
M00026.0	한의 충신 여기 있다
M00028.0	화북의 패자 원소
M00030.0	주유의 천하이분지계
M00032.0	조씨 일가 분열
M00034.0	서촉 동란
M00036.0	초・삼국지
M00038.0	영웅 집결
M00040.0	들어가며
M00042.0	신야 전투・내정편
M00044.0	신야 전투・군비편
M00046.0	신야 전투・출진편
M00048.0	신야 전투・공성편
M00050.0	하비 공방전
M00052.0	남양 공방전
M00054.0	후계자 다툼
M00056.0	불타는 적벽
M00058.0	칠종칠금
M00060.0	오 평정전
M00062.0	맹주 원소
M00064.0	조운 등장
M00066.0	위연의 야망
M00068.0	사마 일족 타도
M00070.0	영웅 집결~중원의 패자
M00072.0	설욕전
M00074.0	위제 토벌전
M00076.0	복양 방위전
M00078.0	여포 토벌전
M00080.0	장수 토벌전
M00082.0	화북 최종 결전
M00084.0	관도대전
M00086.0	허창 최종 결전
M00088.0	적벽대전
M00090.0	합비 전투
M00092.0	강릉 침공전
M00094.0	양양 침공전
M00096.0	강하 전투
M00098.0	조씨 보복전
M00100.0	적벽대전Ⅱ
M00102.0	이릉대전
M00104.0	이릉대전
M00106.0	익주 반란 진압전
M00108.0	천수 전투
M00110.0	남만 평정전
M00112.0	장안 침공전
M00114.0	이릉대전Ⅱ
M00116.0	양양 최종 결전
M00118.0	한조 재흥전
M00120.0	하비 탈출전
M00122.0	업 쟁탈전
M00124.0	관도 보복전
M00126.0	건업 최종 결전
M00128.0	위수 전투
M00130.0	한중 공략전
M00132.0	장안 정토전
M00134.0	낙양 최종 결전
M00136.0	유주
M00137.0	{ESC:k}
M00138.0	기주
M00139.0	{ESC:k}
M00140.0	병주
M00141.0	{ESC:k}
M00142.0	청주
M00143.0	{ESC:k}
M00144.0	연주
M00145.0	{ESC:k}
M00146.0	서주
M00147.0	{ESC:k}
M00148.0	예주
M00149.0	{ESC:k}
M00150.0	사례
M00151.0	{ESC:k}
M00152.0	옹주
M00153.0	{ESC:k}
M00154.0	양주
M00155.0	{ESC:k}
M00156.0	양주
M00157.0	{ESC:k}
M00158.0	형주
M00159.0	{ESC:k}
M00160.0	익주
M00161.0	{ESC:k}
M00162.0	교주
M00163.0	{ESC:k}
M00164.0	이민
M00165.0	{ESC:k}
M00166.0	대방
M00167.0	{ESC:k}
M00168.0	낙랑
M00169.0	{ESC:k}
M00170.0	환도
M00171.0	{ESC:k}
M00172.0	창려
M00173.0	{ESC:k}
M00174.0	안평
M00175.0	{ESC:k}
M00176.0	유성
M00177.0	{ESC:k}
M00178.0	역경
M00179.0	{ESC:k}
M00180.0	어양
M00181.0	{ESC:k}
M00182.0	대현
M00183.0	{ESC:k}
M00184.0	탁현
M00185.0	{ESC:k}
M00186.0	하간
M00187.0	{ESC:k}
M00188.0	낙릉
M00189.0	{ESC:k}
M00190.0	계교
M00191.0	{ESC:k}
M00192.0	청하
M00193.0	{ESC:k}
M00194.0	안덕
M00195.0	{ESC:k}
M00196.0	돈구
M00197.0	{ESC:k}
M00198.0	고당
M00199.0	{ESC:k}
M00200.0	거록
M00201.0	{ESC:k}
M00202.0	상산
M00203.0	{ESC:k}
M00204.0	백마
M00205.0	{ESC:k}
M00206.0	안문
M00207.0	{ESC:k}
M00208.0	태원
M00209.0	{ESC:k}
M00210.0	양원
M00211.0	{ESC:k}
M00212.0	서하
M00213.0	{ESC:k}
M00214.0	호관
M00215.0	{ESC:k}
M00216.0	장자
M00217.0	{ESC:k}
M00218.0	동래
M00219.0	{ESC:k}
M00220.0	즉묵
M00221.0	{ESC:k}
M00222.0	임치
M00223.0	{ESC:k}
M00224.0	동무
M00225.0	{ESC:k}
M00226.0	동아
M00227.0	{ESC:k}
M00228.0	동평
M00229.0	{ESC:k}
M00230.0	태산
M00231.0	{ESC:k}
M00232.0	정도
M00233.0	{ESC:k}
M00234.0	임성
M00235.0	{ESC:k}
M00236.0	광릉
M00237.0	{ESC:k}
M00238.0	낭야
M00239.0	{ESC:k}
M00240.0	회음
M00241.0	{ESC:k}
M00242.0	팽성
M00243.0	{ESC:k}
M00244.0	중모
M00245.0	{ESC:k}
M00246.0	영천
M00247.0	{ESC:k}
M00248.0	초현
M00249.0	{ESC:k}
M00250.0	송현
M00251.0	{ESC:k}
M00252.0	양안
M00253.0	{ESC:k}
M00254.0	조가
M00255.0	{ESC:k}
M00256.0	하내
M00257.0	{ESC:k}
M00258.0	평양
M00259.0	{ESC:k}
M00260.0	하동
M00261.0	{ESC:k}
M00262.0	관도
M00263.0	{ESC:k}
M00264.0	호뢰관
M00265.0	{ESC:k}
M00266.0	맹진
M00267.0	{ESC:k}
M00268.0	홍농
M00269.0	{ESC:k}
M00270.0	하남
M00271.0	{ESC:k}
M00272.0	임진
M00273.0	{ESC:k}
M00274.0	동관
M00275.0	{ESC:k}
M00276.0	상현
M00277.0	{ESC:k}
M00278.0	무관
M00279.0	{ESC:k}
M00280.0	미
M00281.0	{ESC:k}
M00282.0	자오곡
M00283.0	{ESC:k}
M00284.0	진창
M00285.0	{ESC:k}
M00286.0	오장원
M00287.0	{ESC:k}
M00288.0	가정
M00289.0	{ESC:k}
M00290.0	단곡
M00291.0	{ESC:k}
M00292.0	농서
M00293.0	{ESC:k}
M00294.0	적도
M00295.0	{ESC:k}
M00296.0	금성
M00297.0	{ESC:k}
M00298.0	영거
M00299.0	{ESC:k}
M00300.0	장액
M00301.0	{ESC:k}
M00302.0	주천
M00303.0	{ESC:k}
M00304.0	합비
M00305.0	{ESC:k}
M00306.0	오강
M00307.0	{ESC:k}
M00308.0	석정
M00309.0	{ESC:k}
M00310.0	심양
M00311.0	{ESC:k}
M00312.0	부릉
M00313.0	{ESC:k}
M00314.0	단양
M00315.0	{ESC:k}
M00316.0	곡아
M00317.0	{ESC:k}
M00318.0	장안
M00319.0	{ESC:k}
M00320.0	시신
M00321.0	{ESC:k}
M00322.0	건안
M00323.0	{ESC:k}
M00324.0	구강
M00325.0	{ESC:k}
M00326.0	무창
M00327.0	{ESC:k}
M00328.0	파양
M00329.0	{ESC:k}
M00330.0	남창
M00331.0	{ESC:k}
M00332.0	고창
M00333.0	{ESC:k}
M00334.0	육구
M00335.0	{ESC:k}
M00336.0	양현
M00337.0	{ESC:k}
M00338.0	박망
M00339.0	{ESC:k}
M00340.0	호양
M00341.0	{ESC:k}
M00342.0	융중
M00343.0	{ESC:k}
M00344.0	한진
M00345.0	{ESC:k}
M00346.0	신성
M00347.0	{ESC:k}
M00348.0	맥성
M00349.0	{ESC:k}
M00350.0	화용
M00351.0	{ESC:k}
M00352.0	오림
M00353.0	{ESC:k}
M00354.0	의도
M00355.0	{ESC:k}
M00356.0	이릉
M00357.0	{ESC:k}
M00358.0	강진
M00359.0	{ESC:k}
M00360.0	공안
M00361.0	{ESC:k}
M00362.0	안륙
M00363.0	{ESC:k}
M00364.0	하구
M00365.0	{ESC:k}
M00366.0	멱라
M00367.0	{ESC:k}
M00368.0	형양
M00369.0	{ESC:k}
M00370.0	위흥
M00371.0	{ESC:k}
M00372.0	상용
M00373.0	{ESC:k}
M00374.0	안양
M00375.0	{ESC:k}
M00376.0	무현
M00377.0	{ESC:k}
M00378.0	양평관
M00379.0	{ESC:k}
M00380.0	정군산
M00381.0	{ESC:k}
M00382.0	무도
M00383.0	{ESC:k}
M00384.0	답중
M00385.0	{ESC:k}
M00386.0	음평
M00387.0	{ESC:k}
M00388.0	백수
M00389.0	{ESC:k}
M00390.0	가맹관
M00391.0	{ESC:k}
M00392.0	검각
M00393.0	{ESC:k}
M00394.0	한수
M00395.0	{ESC:k}
M00396.0	파서
M00397.0	{ESC:k}
M00398.0	한창
M00399.0	{ESC:k}
M00400.0	강유
M00401.0	{ESC:k}
M00402.0	광유
M00403.0	{ESC:k}
M00404.0	면죽
M00405.0	{ESC:k}
M00406.0	도안
M00407.0	{ESC:k}
M00408.0	부수관
M00409.0	{ESC:k}
M00410.0	아미
M00411.0	{ESC:k}
M00412.0	광한
M00413.0	{ESC:k}
M00414.0	임강
M00415.0	{ESC:k}
M00416.0	강양
M00417.0	{ESC:k}
M00418.0	주제
M00419.0	{ESC:k}
M00420.0	저란
M00421.0	{ESC:k}
M00422.0	완온
M00423.0	{ESC:k}
M00424.0	태등
M00425.0	{ESC:k}
M00426.0	영창
M00427.0	{ESC:k}
M00428.0	남해
M00429.0	{ESC:k}
M00430.0	창오
M00431.0	{ESC:k}
M00432.0	합포
M00433.0	{ESC:k}
M00434.0	말로
M00435.0	{ESC:k}
M00436.0	조서산
M00437.0	{ESC:k}
M00438.0	남성
M00439.0	{ESC:k}
M00440.0	없음
M00441.0	{ESC:k}
M00442.0	없음
M00443.0	{ESC:k}
M00444.0	없음
M00445.0	{ESC:k}
M00446.0	없음
M00447.0	{ESC:k}
M00448.0	없음
M00449.0	{ESC:k}
M00450.0	없음
M00451.0	{ESC:k}
M00452.0	없음
M00453.0	{ESC:k}
M00454.0	없음
M00455.0	{ESC:k}
M00456.0	없음
M00457.0	{ESC:k}
M00458.0	없음
M00459.0	{ESC:k}
M00460.0	없음
M00461.0	{ESC:k}
M00462.0	없음
M00463.0	{ESC:k}
M00464.0	없음
M00465.0	{ESC:k}
M00466.0	없음
M00467.0	{ESC:k}
M00468.0	없음
M00469.0	{ESC:k}
M00470.0	없음
M00471.0	{ESC:k}
M00472.0	없음
M00473.0	{ESC:k}
M00474.0	없음
M00475.0	{ESC:k}
M00476.0	없음
M00477.0	{ESC:k}
M00478.0	없음
M00479.0	{ESC:k}
M00480.0	없음
M00481.0	{ESC:k}
M00482.0	없음
M00483.0	{ESC:k}
M00484.0	없음
M00485.0	{ESC:k}
M00486.0	없음
M00487.0	{ESC:k}
M00488.0	없음
M00489.0	{ESC:k}
M00490.0	없음
M00491.0	{ESC:k}
M00492.0	없음
M00493.0	{ESC:k}
M00494.0	없음
M00495.0	{ESC:k}
M00496.0	없음
M00497.0	{ESC:k}
M00498.0	없음
M00499.0	{ESC:k}
M00500.0	없음
M00501.0	{ESC:k}
M00502.0	없음
M00503.0	{ESC:k}
M00504.0	없음
M00505.0	{ESC:k}
M00506.0	없음
M00507.0	{ESC:k}
M00508.0	없음
M00509.0	{ESC:k}
M00510.0	없음
M00511.0	{ESC:k}
M00512.0	없음
M00513.0	{ESC:k}
M00514.0	없음
M00515.0	{ESC:k}
M00516.0	없음
M00517.0	{ESC:k}
M00518.0	없음
M00519.0	{ESC:k}
M00520.0	없음
M00521.0	{ESC:k}
M00522.0	없음
M00523.0	{ESC:k}
M00524.0	없음
M00525.0	{ESC:k}
M00526.0	없음
M00527.0	{ESC:k}
M00528.0	없음
M00529.0	{ESC:k}
M00530.0	없음
M00531.0	{ESC:k}
M00532.0	없음
M00533.0	{ESC:k}
M00534.0	없음
M00535.0	{ESC:k}
M00536.0	없음
M00537.0	{ESC:k}
M00538.0	없음
M00539.0	{ESC:k}
M00540.0	없음
M00541.0	{ESC:k}
M00542.0	없음
M00543.0	{ESC:k}
M00544.0	없음
M00545.0	{ESC:k}
M00546.0	없음
M00547.0	{ESC:k}
M00548.0	없음
M00549.0	{ESC:k}
M00550.0	없음
M00551.0	{ESC:k}
M00552.0	없음
M00553.0	{ESC:k}
M00554.0	없음
M00555.0	{ESC:k}
M00556.0	없음
M00557.0	{ESC:k}
M00558.0	없음
M00559.0	{ESC:k}
M00560.0	없음
M00561.0	{ESC:k}
M00562.0	없음
M00563.0	{ESC:k}
M00564.0	없음
M00565.0	{ESC:k}
M00566.0	대상
M00567.0	세력
M00568.0	병사
M00569.0	부상병
M00570.0	상태
M00571.0	사기
M00572.0	군단
M00573.0	대장
M00574.0	현역
M00575.0	포로
M00576.0	부대
M00577.0	공작물
M00578.0	종류
M00579.0	공작물
M00580.0	공작물
M00581.0	{ESC:k}
M00582.0	시설
M00583.0	상인상주플래그
M00584.0	상인
M00585.0	주
M00586.0	주
M00587.0	중지도X좌표
M00588.0	중지도Y좌표
M00589.0	유효플래그
M00590.0	최대획득육성P
M00591.0	획득육성P
M00592.0	군단
M00593.0	세력
M00594.0	세력
M00595.0	군단
M00596.0	도시
M00597.0	도시
M00598.0	합계병사
M00599.0	병사
M00600.0	부상병
M00601.0	인구
M00602.0	일반인구
M00603.0	병역인구
M00604.0	현역
M00605.0	포로
M00606.0	재야
M00607.0	도독
M00608.0	대장
M00609.0	도독
M00610.0	대장
M00611.0	통솔
M00612.0	지력
M00613.0	전투력
M00614.0	상태
M00615.0	사기
M00616.0	병과
M00617.0	명령
M00618.0	목표
M00619.0	사후명령
M00620.0	민심
M00621.0	수익
M00622.0	최대수익
M00623.0	수확
M00624.0	최대수확
M00625.0	내구
M00626.0	최대내구
M00627.0	분전
M00628.0	분투
M00629.0	분신
M00630.0	돌파
M00631.0	돌진
M00632.0	돌격
M00633.0	기사
M00634.0	주사
M00635.0	비사
M00636.0	제사
M00637.0	연사
M00638.0	연노
M00639.0	몽충
M00640.0	누선
M00641.0	투함
M00642.0	정란
M00643.0	충차
M00644.0	투석
M00645.0	상병
M00646.0	조영
M00647.0	석병
M00648.0	파괴
M00649.0	교사
M00650.0	혼란
M00651.0	덫
M00652.0	배반
M00653.0	환술
M00654.0	매도
M00655.0	고무
M00656.0	치료
M00657.0	요술
M00658.0	시우
M00659.0	난사
M00660.0	강습
M00661.0	강공
M00662.0	함정
M00663.0	불덫
M00664.0	물덫
M00665.0	돌덫
M00666.0	낙석
M00667.0	사대
M00668.0	특성
M00669.0	인접
M00670.0	지역
M00671.0	수비대
M00672.0	공격력
M00673.0	수비력
M00674.0	금수입
M00675.0	병량수입
M00676.0	군단금
M00677.0	군단병량
M00678.0	색지역
M00679.0	색지역2
M00680.0	색세력
M00681.0	색군단
M00682.0	색도독
M00683.0	색대장
M00684.0	색주역
M00685.0	도착
M00686.0	{ESC:k}
M00687.0	색지역없음
M00688.0	색지역2없음
M00689.0	도착
M00690.0	증가병역
M00691.0	우호
M00692.0	후한황제
M00693.0	전선
M00694.0	특징
M00695.0	지역
M00696.0	인접
M00697.0	전선
M00698.0	지역
M00699.0	목표2
M00700.0	교전1
M00701.0	교전2
M00702.0	병법
M00703.0	회복
M00704.0	적정무장
M00705.0	적정병사
M00706.0	숲
M00707.0	암
M00708.0	흙
M00709.0	풀
M00710.0	흙풀
M00711.0	풀숲
M00712.0	습지
M00713.0	흙습
M00714.0	풀습
M00715.0	여울
M00716.0	물
M00717.0	교
M00718.0	물가
M00719.0	암풀
M00720.0	암흙
M00721.0	물2
M00722.0	물3
M00723.0	양평
M00724.0	{ESC:k}
M00725.0	북평
M00726.0	{ESC:k}
M00727.0	계
M00728.0	{ESC:k}
M00729.0	남피
M00730.0	{ESC:k}
M00731.0	평원
M00732.0	{ESC:k}
M00733.0	업
M00734.0	{ESC:k}
M00735.0	진양
M00736.0	{ESC:k}
M00737.0	상당
M00738.0	{ESC:k}
M00739.0	북해
M00740.0	{ESC:k}
M00741.0	복양
M00742.0	{ESC:k}
M00743.0	진류
M00744.0	{ESC:k}
M00745.0	하비
M00746.0	{ESC:k}
M00747.0	소패
M00748.0	{ESC:k}
M00749.0	허창
M00750.0	{ESC:k}
M00751.0	여남
M00752.0	{ESC:k}
M00753.0	낙양
M00754.0	{ESC:k}
M00755.0	장안
M00756.0	{ESC:k}
M00757.0	안정
M00758.0	{ESC:k}
M00759.0	천수
M00760.0	{ESC:k}
M00761.0	서평
M00762.0	{ESC:k}
M00763.0	무위
M00764.0	{ESC:k}
M00765.0	수춘
M00766.0	{ESC:k}
M00767.0	여강
M00768.0	{ESC:k}
M00769.0	말릉
M00770.0	{ESC:k}
M00771.0	오
M00772.0	{ESC:k}
M00773.0	회계
M00774.0	{ESC:k}
M00775.0	시상
M00776.0	{ESC:k}
M00777.0	완
M00778.0	{ESC:k}
M00779.0	신야
M00780.0	{ESC:k}
M00781.0	양양
M00782.0	{ESC:k}
M00783.0	강릉
M00784.0	{ESC:k}
M00785.0	강하
M00786.0	{ESC:k}
M00787.0	장사
M00788.0	{ESC:k}
M00789.0	무릉
M00790.0	{ESC:k}
M00791.0	계양
M00792.0	{ESC:k}
M00793.0	영릉
M00794.0	{ESC:k}
M00795.0	서성
M00796.0	{ESC:k}
M00797.0	영안
M00798.0	{ESC:k}
M00799.0	한중
M00800.0	{ESC:k}
M00801.0	자동
M00802.0	{ESC:k}
M00803.0	성도
M00804.0	{ESC:k}
M00805.0	강주
M00806.0	{ESC:k}
M00807.0	건녕
M00808.0	{ESC:k}
M00809.0	운남
M00810.0	{ESC:k}
M00811.0	교지
M00812.0	{ESC:k}
M00813.0	왜
M00814.0	{ESC:k}
M00815.0	오환
M00816.0	{ESC:k}
M00817.0	강
M00818.0	{ESC:k}
M00819.0	산월
M00820.0	{ESC:k}
M00821.0	남만
M00822.0	{ESC:k}
M00823.0	대상
M00824.0	세력
M00825.0	병사
M00826.0	부상병
M00827.0	상태
M00828.0	사기
M00829.0	군단
M00830.0	대장
M00831.0	현역
M00832.0	포로
M00833.0	부대
M00834.0	도시
M00835.0	종류
M00836.0	공작물
M00837.0	도시
M00838.0	{ESC:k}
M00839.0	시설
M00840.0	상인상주플래그
M00841.0	상인
M00842.0	주
M00843.0	주
M00844.0	중지도X좌표
M00845.0	중지도Y좌표
M00846.0	유효플래그
M00847.0	최대획득육성P
M00848.0	획득육성P
M00849.0	군단
M00850.0	세력
M00851.0	세력
M00852.0	군단
M00853.0	도시
M00854.0	도시
M00855.0	합계병사
M00856.0	병사
M00857.0	부상병
M00858.0	인구
M00859.0	일반인구
M00860.0	병역인구
M00861.0	현역
M00862.0	포로
M00863.0	재야
M00864.0	도독
M00865.0	대장
M00866.0	도독
M00867.0	대장
M00868.0	통솔
M00869.0	지력
M00870.0	전투력
M00871.0	상태
M00872.0	사기
M00873.0	병과
M00874.0	명령
M00875.0	목표
M00876.0	사후명령
M00877.0	민심
M00878.0	수익
M00879.0	최대수익
M00880.0	수확
M00881.0	최대수확
M00882.0	내구
M00883.0	최대내구
M00884.0	분전
M00885.0	분투
M00886.0	분신
M00887.0	돌파
M00888.0	돌진
M00889.0	돌격
M00890.0	기사
M00891.0	주사
M00892.0	비사
M00893.0	제사
M00894.0	연사
M00895.0	연노
M00896.0	몽충
M00897.0	누선
M00898.0	투함
M00899.0	정란
M00900.0	충차
M00901.0	투석
M00902.0	상병
M00903.0	조영
M00904.0	석병
M00905.0	파괴
M00906.0	교사
M00907.0	혼란
M00908.0	덫
M00909.0	배반
M00910.0	환술
M00911.0	매도
M00912.0	고무
M00913.0	치료
M00914.0	요술
M00915.0	시우
M00916.0	난사
M00917.0	강습
M00918.0	강공
M00919.0	함정
M00920.0	불덫
M00921.0	물덫
M00922.0	돌덫
M00923.0	낙석
M00924.0	사대
M00925.0	특성
M00926.0	인접
M00927.0	지역
M00928.0	수비대
M00929.0	공격력
M00930.0	수비력
M00931.0	금수입
M00932.0	병량수입
M00933.0	군단금
M00934.0	군단병량
M00935.0	색지역
M00936.0	색지역2
M00937.0	색세력
M00938.0	색군단
M00939.0	색도독
M00940.0	색대장
M00941.0	색주역
M00942.0	도착
M00943.0	{ESC:k}
M00944.0	색지역없음
M00945.0	색지역2없음
M00946.0	도착
M00947.0	증가병역
M00948.0	우호
M00949.0	후한
M00950.0	전선
M00951.0	특징
M00952.0	지역
M00953.0	인접
M00954.0	전선
M00955.0	지역
M00956.0	목표2
M00957.0	교전1
M00958.0	교전2
M00959.0	병법
M00960.0	회복
M00961.0	적정무장
M00962.0	적정병사
M00963.0	도시
M00964.0	항
M00965.0	관
M00966.0	관
M00967.0	관
M00968.0	관
M00969.0	진
M00970.0	채
M00971.0	노
M00972.0	성채
M00973.0	책
M00974.0	책
M00975.0	토사
M00976.0	토사
M00977.0	토루
M00978.0	토루
M00979.0	석병
M00980.0	공작물번호
M00981.0	공작물
M00982.0	CG번호
M00983.0	비용
M00984.0	최대내구
M00985.0	최소내구
M00986.0	오브젝트 크기X
M00987.0	오브젝트 크기Y
M00988.0	공격범위
M00989.0	회복
M00990.0	공작필요병법번호
M00991.0	분전
M00992.0	분투
M00993.0	분신
M00994.0	돌파
M00995.0	돌진
M00996.0	돌격
M00997.0	기사
M00998.0	주사
M00999.0	비사
M01000.0	제사
M01001.0	연사
M01002.0	연노
M01003.0	몽충
M01004.0	누선
M01005.0	투함
M01006.0	정란
M01007.0	충차
M01008.0	투석
M01009.0	상병
M01010.0	조영
M01011.0	석병
M01012.0	파괴
M01013.0	교사
M01014.0	혼란
M01015.0	덫
M01016.0	배반
M01017.0	환술
M01018.0	매도
M01019.0	고무
M01020.0	치료
M01021.0	요술
M01022.0	시우
M01023.0	난사
M01024.0	강습
M01025.0	강공
M01026.0	함정
M01027.0	불덫
M01028.0	물덫
M01029.0	돌덫
M01030.0	낙석
M01031.0	사대
M01032.0	{ESC:k}
M01033.0	방향
M01034.0	병법
M01035.0	특성
M01036.0	군단
M01037.0	세력
M01038.0	세력
M01039.0	국호
M01040.0	군단
M01041.0	국호
M01042.0	국호
M01043.0	군주무장번호
M01044.0	군주얼굴번호
M01045.0	군주
M01046.0	군사
M01047.0	신용
M01048.0	신망
M01049.0	관작
M01050.0	관작
M01051.0	금
M01052.0	금수지
M01053.0	병량
M01054.0	병량수지
M01055.0	금
M01056.0	금수지
M01057.0	병량
M01058.0	병량수지
M01059.0	인구
M01060.0	병역인구
M01061.0	병사
M01062.0	부상병
M01063.0	인구
M01064.0	병역인구
M01065.0	병사
M01066.0	부상병
M01067.0	분전
M01068.0	분투
M01069.0	분신
M01070.0	돌파
M01071.0	돌진
M01072.0	돌격
M01073.0	기사
M01074.0	주사
M01075.0	비사
M01076.0	제사
M01077.0	연사
M01078.0	연노
M01079.0	몽충
M01080.0	누선
M01081.0	투함
M01082.0	정란
M01083.0	충차
M01084.0	투석
M01085.0	상병
M01086.0	조영
M01087.0	석병
M01088.0	파괴
M01089.0	교사
M01090.0	혼란
M01091.0	덫
M01092.0	배반
M01093.0	환술
M01094.0	매도
M01095.0	고무
M01096.0	치료
M01097.0	요술
M01098.0	시우
M01099.0	난사
M01100.0	강습
M01101.0	강공
M01102.0	함정
M01103.0	불덫
M01104.0	물덫
M01105.0	돌덫
M01106.0	낙석
M01107.0	사대
M01108.0	병법
M01109.0	연합플래그
M01110.0	연합맹주플래그
M01111.0	연합표적플래그
M01112.0	연합
M01113.0	표적
M01114.0	방침
M01115.0	표적
M01116.0	세력0우호
M01117.0	세력1우호
M01118.0	세력2우호
M01119.0	세력3우호
M01120.0	세력4우호
M01121.0	세력5우호
M01122.0	세력6우호
M01123.0	세력7우호
M01124.0	세력8우호
M01125.0	세력9우호
M01126.0	세력10우호
M01127.0	세력11우호
M01128.0	세력12우호
M01129.0	세력13우호
M01130.0	세력14우호
M01131.0	세력15우호
M01132.0	세력16우호
M01133.0	세력17우호
M01134.0	세력18우호
M01135.0	세력19우호
M01136.0	세력20우호
M01137.0	세력21우호
M01138.0	세력22우호
M01139.0	세력23우호
M01140.0	세력24우호
M01141.0	세력25우호
M01142.0	세력26우호
M01143.0	세력27우호
M01144.0	세력28우호
M01145.0	세력29우호
M01146.0	세력30우호
M01147.0	세력31우호
M01148.0	세력32우호
M01149.0	세력33우호
M01150.0	세력34우호
M01151.0	세력35우호
M01152.0	세력36우호
M01153.0	세력37우호
M01154.0	세력38우호
M01155.0	세력39우호
M01156.0	세력40우호
M01157.0	세력41우호
M01158.0	세력42우호
M01159.0	세력43우호
M01160.0	세력44우호
M01161.0	세력45우호
M01162.0	세력46우호
M01163.0	세력47우호
M01164.0	세력48우호
M01165.0	세력49우호
M01166.0	우호
M01167.0	요청원
M01168.0	표적시설
M01169.0	조건
M01170.0	요청기간
M01171.0	연합기간
M01172.0	군단
M01173.0	도시
M01174.0	현역
M01175.0	포로
M01176.0	도시
M01177.0	현역
M01178.0	포로
M01179.0	깃발번호
M01180.0	본거도시번호
M01181.0	본거
M01182.0	황제판정
M01183.0	유저담당판정
M01184.0	도착
M01185.0	색국호
M01186.0	색관작
M01187.0	색군주
M01188.0	색본거
M01189.0	색군단
M01190.0	{ESC:k}
M01191.0	{ESC:k}
M01192.0	색도독
M01193.0	부대
M01194.0	도착
M01195.0	금
M01196.0	금
M01197.0	지출
M01198.0	지출
M01199.0	수입
M01200.0	수입
M01201.0	예상
M01202.0	예상
M01203.0	병량
M01204.0	병량
M01205.0	지출
M01206.0	지출
M01207.0	수입
M01208.0	수입
M01209.0	예상
M01210.0	예상
M01211.0	근위
M01212.0	우호
M01213.0	무장
M01214.0	무장
M01215.0	충족
M01216.0	충족
M01217.0	충족
M01218.0	충족
M01219.0	랭크
M01220.0	강약
M01221.0	타입
M01222.0	대상
M01223.0	육성P
M01224.0	분전
M01225.0	{ESC:k}
M01226.0	보병의 강력한 공격입니다
M01227.0	분투
M01228.0	{ESC:k}
M01229.0	분전보다 강력한 보병 공격입니다
M01230.0	분신
M01231.0	{ESC:k}
M01232.0	보병 최강의 병법입니다
M01233.0	돌파
M01234.0	{ESC:k}
M01235.0	기병의 강력한 공격입니다
M01236.0	돌진
M01237.0	{ESC:k}
M01238.0	돌파보다 강력한 기병 공격입니다
M01239.0	돌격
M01240.0	{ESC:k}
M01241.0	기병 최강의 병법입니다
M01242.0	기사
M01243.0	{ESC:k}
M01244.0	기병의 강력한 간접 공격입니다
M01245.0	주사
M01246.0	{ESC:k}
M01247.0	기사보다 강력한 간접 공격입니다
M01248.0	비사
M01249.0	{ESC:k}
M01250.0	궁기 최강의 병법입니다
M01251.0	제사
M01252.0	{ESC:k}
M01253.0	노병의 강력한 간접 공격입니다
M01254.0	연사
M01255.0	{ESC:k}
M01256.0	제사보다 강력한 간접 공격입니다
M01257.0	연노
M01258.0	{ESC:k}
M01259.0	노병 최강의 병법입니다
M01260.0	몽충
M01261.0	{ESC:k}
M01262.0	몽충을 편성할 수 있습니다
M01263.0	누선
M01264.0	{ESC:k}
M01265.0	누선을 편성할 수 있습니다
M01266.0	투함
M01267.0	{ESC:k}
M01268.0	투함을 편성할 수 있습니다
M01269.0	정란
M01270.0	{ESC:k}
M01271.0	정란을 편성할 수 있습니다
M01272.0	충차
M01273.0	{ESC:k}
M01274.0	충차를 편성할 수 있습니다
M01275.0	투석
M01276.0	{ESC:k}
M01277.0	투석을 편성할 수 있습니다
M01278.0	상병
M01279.0	{ESC:k}
M01280.0	상병을 편성할 수 있습니다
M01281.0	조영
M01282.0	{ESC:k}
M01283.0	건설 비용이 줄어듭니다
M01284.0	석병
M01285.0	{ESC:k}
M01286.0	석병을 건설할 수 있습니다
M01287.0	파괴
M01288.0	{ESC:k}
M01289.0	덫에 걸리지 않습니다
M01290.0	교사
M01291.0	{ESC:k}
M01292.0	상태 이상이 되지 않습니다
M01293.0	혼란
M01294.0	{ESC:k}
M01295.0	적을 혼란시킵니다
M01296.0	덫
M01297.0	{ESC:k}
M01298.0	지형에 맞는 덫으로 공격합니다
M01299.0	배반
M01300.0	{ESC:k}
M01301.0	적의 병사를 아군으로 만듭니다
M01302.0	환술
M01303.0	{ESC:k}
M01304.0	여러 적에게 피해를 주고 혼란시킵니다
M01305.0	매도
M01306.0	{ESC:k}
M01307.0	적의 사기를 떨어뜨립니다
M01308.0	고무
M01309.0	{ESC:k}
M01310.0	아군의 사기를 올립니다
M01311.0	치료
M01312.0	{ESC:k}
M01313.0	아군 여러 부대의 부상병을 회복합니다
M01314.0	요술
M01315.0	{ESC:k}
M01316.0	여러 적에게 피해를 주고 사기를 떨어뜨립니다
M01317.0	시우
M01318.0	{ESC:k}
M01319.0	수군의 강력한 간접 공격입니다
M01320.0	난사
M01321.0	{ESC:k}
M01322.0	시우보다 강력한 수군 간접 공격입니다
M01323.0	강습
M01324.0	{ESC:k}
M01325.0	수군의 강력한 돌입 공격입니다
M01326.0	강공
M01327.0	{ESC:k}
M01328.0	강습보다 강력한 수군 공격입니다
M01329.0	함정
M01330.0	{ESC:k}
M01331.0	땅에 함정을 파서 적을 공격합니다
M01332.0	불덫
M01333.0	{ESC:k}
M01334.0	숲에 불을 놓아 적을 공격합니다
M01335.0	물덫
M01336.0	{ESC:k}
M01337.0	수역에 덫을 놓아 배를 공격합니다
M01338.0	돌덫
M01339.0	{ESC:k}
M01340.0	벼랑에서 바위를 떨어뜨려 공격합니다
M01341.0	낙석
M01342.0	{ESC:k}
M01343.0	시설에서 바위를 떨어뜨립니다
M01344.0	사대
M01345.0	{ESC:k}
M01346.0	시설의 사정거리가 넓어집니다
M01347.0	병법
M01348.0	병법
M01349.0	{ESC:k}
M01350.0	계통
M01351.0	계통
M01352.0	숙련
M01353.0	방침
M01354.0	방침
M01355.0	위력
M01356.0	풀
M01357.0	숲
M01358.0	흙
M01359.0	습지
M01360.0	수역
M01361.0	휴식
M01362.0	비용
M01363.0	대시설
M01364.0	병과
M01365.0	어린
M01366.0	학익
M01367.0	추행
M01368.0	봉시
M01369.0	안행
M01370.0	기형
M01371.0	장사
M01372.0	방원
M01373.0	정란
M01374.0	충차
M01375.0	투석
M01376.0	상병
M01377.0	정진
M01378.0	건설
M01379.0	수송
M01380.0	왜
M01381.0	오환
M01382.0	강
M01383.0	산월
M01384.0	남만
M01385.0	주가
M01386.0	몽충
M01387.0	누선
M01388.0	투함
M01389.0	정선
M01390.0	수선
M01391.0	이선
M01392.0	무진
M01393.0	설명
M01394.0	색병법
M01395.0	육상
M01396.0	수상
M01397.0	육성P
M01398.0	적토마
M01399.0	{ESC:k}
M01400.0	적로
M01401.0	{ESC:k}
M01402.0	조황비전
M01403.0	{ESC:k}
M01404.0	절영
M01405.0	{ESC:k}
M01406.0	대완마
M01407.0	{ESC:k}
M01408.0	사륜거
M01409.0	{ESC:k}
M01410.0	칠성보도
M01411.0	{ESC:k}
M01412.0	의천검
M01413.0	{ESC:k}
M01414.0	청강검
M01415.0	{ESC:k}
M01416.0	방천화극
M01417.0	{ESC:k}
M01418.0	청룡언월도
M01419.0	{ESC:k}
M01420.0	사모
M01421.0	{ESC:k}
M01422.0	철척사모
M01423.0	{ESC:k}
M01424.0	자웅일대검
M01425.0	{ESC:k}
M01426.0	고정도
M01427.0	{ESC:k}
M01428.0	삼첨도
M01429.0	{ESC:k}
M01430.0	쌍철극
M01431.0	{ESC:k}
M01432.0	대부
M01433.0	{ESC:k}
M01434.0	철편
M01435.0	{ESC:k}
M01436.0	철질려골타
M01437.0	{ESC:k}
M01438.0	유성추
M01439.0	{ESC:k}
M01440.0	미첨도
M01441.0	{ESC:k}
M01442.0	동추
M01443.0	{ESC:k}
M01444.0	철쇄
M01445.0	{ESC:k}
M01446.0	비도
M01447.0	{ESC:k}
M01448.0	단극
M01449.0	{ESC:k}
M01450.0	수극
M01451.0	{ESC:k}
M01452.0	수전
M01453.0	{ESC:k}
M01454.0	양유기궁
M01455.0	{ESC:k}
M01456.0	이광궁
M01457.0	{ESC:k}
M01458.0	손자병법서
M01459.0	{ESC:k}
M01460.0	병법이십사편
M01461.0	{ESC:k}
M01462.0	육도
M01463.0	{ESC:k}
M01464.0	삼략
M01465.0	{ESC:k}
M01466.0	사마법
M01467.0	{ESC:k}
M01468.0	오자
M01469.0	{ESC:k}
M01470.0	손빈병법
M01471.0	{ESC:k}
M01472.0	위공자병법
M01473.0	{ESC:k}
M01474.0	울료자
M01475.0	{ESC:k}
M01476.0	묵자
M01477.0	{ESC:k}
M01478.0	맹덕신서
M01479.0	{ESC:k}
M01480.0	관자
M01481.0	{ESC:k}
M01482.0	안자춘추
M01483.0	{ESC:k}
M01484.0	상군서
M01485.0	{ESC:k}
M01486.0	한비자
M01487.0	{ESC:k}
M01488.0	주서음부
M01489.0	{ESC:k}
M01490.0	사민월령
M01491.0	{ESC:k}
M01492.0	춘추좌씨전
M01493.0	{ESC:k}
M01494.0	사기
M01495.0	{ESC:k}
M01496.0	한서
M01497.0	{ESC:k}
M01498.0	전국책
M01499.0	{ESC:k}
M01500.0	열녀전
M01501.0	{ESC:k}
M01502.0	여씨춘추
M01503.0	{ESC:k}
M01504.0	오월춘추
M01505.0	{ESC:k}
M01506.0	회남자
M01507.0	{ESC:k}
M01508.0	논어
M01509.0	{ESC:k}
M01510.0	시경
M01511.0	{ESC:k}
M01512.0	서경
M01513.0	{ESC:k}
M01514.0	역경
M01515.0	{ESC:k}
M01516.0	예기
M01517.0	{ESC:k}
M01518.0	노자
M01519.0	{ESC:k}
M01520.0	장자
M01521.0	{ESC:k}
M01522.0	논어집해
M01523.0	{ESC:k}
M01524.0	전론
M01525.0	{ESC:k}
M01526.0	박혁론
M01527.0	{ESC:k}
M01528.0	시요론
M01529.0	{ESC:k}
M01530.0	치론
M01531.0	{ESC:k}
M01532.0	변도론
M01533.0	{ESC:k}
M01534.0	건상역주
M01535.0	{ESC:k}
M01536.0	효경전
M01537.0	{ESC:k}
M01538.0	구국론
M01539.0	{ESC:k}
M01540.0	서촉지형도
M01541.0	{ESC:k}
M01542.0	평만지장도
M01543.0	{ESC:k}
M01544.0	태평청령도
M01545.0	{ESC:k}
M01546.0	청낭서
M01547.0	{ESC:k}
M01548.0	상한잡병론
M01549.0	{ESC:k}
M01550.0	둔갑천서
M01551.0	{ESC:k}
M01552.0	태평요술서
M01553.0	{ESC:k}
M01554.0	산해경
M01555.0	{ESC:k}
M01556.0	옥새
M01557.0	{ESC:k}
M01558.0	구석
M01559.0	{ESC:k}
M01560.0	동작
M01561.0	{ESC:k}
M01562.0	우선
M01563.0	{ESC:k}
M01564.0	화씨벽
M01565.0	{ESC:k}
M01566.0	장신궁등
M01567.0	{ESC:k}
M01568.0	박산로
M01569.0	{ESC:k}
M01570.0	용방호
M01571.0	{ESC:k}
M01572.0	금상감호
M01573.0	{ESC:k}
M01574.0	우등
M01575.0	{ESC:k}
M01576.0	신수연
M01577.0	{ESC:k}
M01578.0	옥룡문벽
M01579.0	{ESC:k}
M01580.0	옻칠 솥
M01581.0	{ESC:k}
M01582.0	청유곡창관
M01583.0	{ESC:k}
M01584.0	주판
M01585.0	{ESC:k}
M01586.0	술잔
M01587.0	{ESC:k}
M01588.0	차
M01589.0	{ESC:k}
M01590.0	여씨경
M01591.0	{ESC:k}
M01592.0	금이추
M01593.0	{ESC:k}
M01594.0	나기향낭
M01595.0	{ESC:k}
M01596.0	칠현금
M01597.0	{ESC:k}
M01598.0	초치검
M01599.0	{ESC:k}
M01600.0	동호비궁
M01601.0	{ESC:k}
M01602.0	금마삭
M01603.0	{ESC:k}
M01604.0	대거치도
M01605.0	{ESC:k}
M01606.0	조상편
M01607.0	{ESC:k}
M01608.0	조선인삼
M01609.0	{ESC:k}
M01610.0	계화 호부
M01611.0	{ESC:k}
M01612.0	계화 호부
M01613.0	{ESC:k}
M01614.0	계화 호부
M01615.0	{ESC:k}
M01616.0	계화 호부
M01617.0	{ESC:k}
M01618.0	계화 호부
M01619.0	{ESC:k}
M01620.0	계화 호부
M01621.0	{ESC:k}
M01622.0	작약 호부
M01623.0	{ESC:k}
M01624.0	작약 호부
M01625.0	{ESC:k}
M01626.0	작약 호부
M01627.0	{ESC:k}
M01628.0	작약 호부
M01629.0	{ESC:k}
M01630.0	작약 호부
M01631.0	{ESC:k}
M01632.0	작약 호부
M01633.0	{ESC:k}
M01634.0	준마 호부
M01635.0	{ESC:k}
M01636.0	준마 호부
M01637.0	{ESC:k}
M01638.0	준마 호부
M01639.0	{ESC:k}
M01640.0	준마 호부
M01641.0	{ESC:k}
M01642.0	준마 호부
M01643.0	{ESC:k}
M01644.0	준마 호부
M01645.0	{ESC:k}
M01646.0	도리 호부
M01647.0	{ESC:k}
M01648.0	관인 호부
M01649.0	{ESC:k}
M01650.0	관인 호부
M01651.0	{ESC:k}
M01652.0	관인 호부
M01653.0	{ESC:k}
M01654.0	관인 호부
M01655.0	{ESC:k}
M01656.0	관인 호부
M01657.0	{ESC:k}
M01658.0	관인 호부
M01659.0	{ESC:k}
M01660.0	관인 호부
M01661.0	{ESC:k}
M01662.0	관인 호부
M01663.0	{ESC:k}
M01664.0	관인 호부
M01665.0	{ESC:k}
M01666.0	관인 호부
M01667.0	{ESC:k}
M01668.0	관인 호부
M01669.0	{ESC:k}
M01670.0	관인 호부
M01671.0	{ESC:k}
M01672.0	관인 호부
M01673.0	{ESC:k}
M01674.0	관인 호부
M01675.0	{ESC:k}
M01676.0	관인 호부
M01677.0	{ESC:k}
M01678.0	상서 호부
M01679.0	{ESC:k}
M01680.0	상서 호부
M01681.0	{ESC:k}
M01682.0	상서 호부
M01683.0	{ESC:k}
M01684.0	상서 호부
M01685.0	{ESC:k}
M01686.0	상서 호부
M01687.0	{ESC:k}
M01688.0	상서 호부
M01689.0	{ESC:k}
M01690.0	상서 호부
M01691.0	{ESC:k}
M01692.0	상서 호부
M01693.0	{ESC:k}
M01694.0	상서 호부
M01695.0	{ESC:k}
M01696.0	상서 호부
M01697.0	{ESC:k}
M01698.0	상서 호부
M01699.0	{ESC:k}
M01700.0	상서 호부
M01701.0	{ESC:k}
M01702.0	문창 호부
M01703.0	{ESC:k}
M01704.0	문창 호부
M01705.0	{ESC:k}
M01706.0	문창 호부
M01707.0	{ESC:k}
M01708.0	종규 호부
M01709.0	{ESC:k}
M01710.0	추가 아이템
M01711.0	{ESC:k}
M01712.0	추가 아이템
M01713.0	{ESC:k}
M01714.0	추가 아이템
M01715.0	{ESC:k}
M01716.0	추가 아이템
M01717.0	{ESC:k}
M01718.0	추가 아이템
M01719.0	{ESC:k}
M01720.0	추가 아이템
M01721.0	{ESC:k}
M01722.0	추가 아이템
M01723.0	{ESC:k}
M01724.0	추가 아이템
M01725.0	{ESC:k}
M01726.0	추가 아이템
M01727.0	{ESC:k}
M01728.0	추가 아이템
M01729.0	{ESC:k}
M01730.0	추가 아이템
M01731.0	{ESC:k}
M01732.0	추가 아이템
M01733.0	{ESC:k}
M01734.0	추가 아이템
M01735.0	{ESC:k}
M01736.0	추가 아이템
M01737.0	{ESC:k}
M01738.0	추가 아이템
M01739.0	{ESC:k}
M01740.0	추가 아이템
M01741.0	{ESC:k}
M01742.0	추가 아이템
M01743.0	{ESC:k}
M01744.0	추가 아이템
M01745.0	{ESC:k}
M01746.0	추가 아이템
M01747.0	{ESC:k}
M01748.0	추가 아이템
M01749.0	{ESC:k}
M01750.0	{ESC:k}
M01751.0	{ESC:k}
M01752.0	{ESC:k}
M01753.0	CG번호
M01754.0	종류
M01755.0	종류
M01756.0	능력
M01757.0	효과
M01758.0	효과1
M01759.0	상승
M01760.0	병법
M01761.0	병법
M01762.0	소유
M01763.0	소유
M01764.0	상태번호
M01765.0	지역번호
M01766.0	소재
M01767.0	{ESC:k}
M01768.0	색무장
M01769.0	색병법
M01770.0	호부식별플래그
M01771.0	통솔
M01772.0	무력
M01773.0	지력
M01774.0	정치
M01775.0	보병
M01776.0	기병
M01777.0	궁기
M01778.0	노병
M01779.0	수군
M01780.0	공성
M01781.0	지식
M01782.0	모략
M01783.0	책략
M01784.0	소유・소재
M01785.0	황제
M01786.0	{ESC:k}
M01787.0	왕
M01788.0	{ESC:k}
M01789.0	공
M01790.0	{ESC:k}
M01791.0	대사마
M01792.0	{ESC:k}
M01793.0	대장군
M01794.0	{ESC:k}
M01795.0	중랑장
M01796.0	{ESC:k}
M01797.0	주자사
M01798.0	{ESC:k}
M01799.0	주목
M01800.0	{ESC:k}
M01803.0	관작
M01804.0	관작
M01805.0	{ESC:k}
M01806.0	친밀상승
M01807.0	신망
M01808.0	지휘
M01809.0	설명
M01810.0	세력
M01811.0	아회
M01812.0	남
M01814.0	{ESC:k}
M01815.0	위
M01816.0	소
M01817.0	홍사
M01818.0	{ESC:k}
M01819.0	이
M01820.0	적
M01821.0	기백
M01822.0	{ESC:k}
M01823.0	윤
M01824.0	상
M01826.0	{ESC:k}
M01827.0	윤
M01828.0	대목
M01830.0	{ESC:k}
M01831.0	윤
M01832.0	묵
M01833.0	사잠
M01834.0	{ESC:k}
M01835.0	우
M01836.0	금
M01837.0	문칙
M01838.0	{ESC:k}
M01839.0	우
M01840.0	전
M01842.0	{ESC:k}
M01843.0	위
M01844.0	관
M01845.0	백옥
M01846.0	{ESC:k}
M01847.0	원
M01848.0	유
M01849.0	백업
M01850.0	{ESC:k}
M01851.0	원
M01852.0	윤
M01854.0	{ESC:k}
M01855.0	염
M01856.0	우
M01857.0	문평
M01858.0	{ESC:k}
M01859.0	원
M01860.0	희
M01861.0	현혁
M01862.0	{ESC:k}
M01863.0	염
M01864.0	유
M01866.0	{ESC:k}
M01867.0	원
M01868.0	술
M01869.0	공로
M01870.0	{ESC:k}
M01871.0	원
M01872.0	상
M01873.0	현보
M01874.0	{ESC:k}
M01875.0	원
M01876.0	소
M01877.0	본초
M01878.0	{ESC:k}
M01879.0	염
M01880.0	상
M01882.0	{ESC:k}
M01883.0	원
M01884.0	담
M01885.0	현사
M01886.0	{ESC:k}
M01887.0	염
M01888.0	포
M01890.0	{ESC:k}
M01891.0	원
M01892.0	요
M01894.0	{ESC:k}
M01895.0	왕
M01896.0	위
M01898.0	{ESC:k}
M01899.0	왕
M01900.0	윤
M01901.0	자사
M01902.0	{ESC:k}
M01903.0	왕
M01904.0	함
M01906.0	{ESC:k}
M01907.0	왕
M01908.0	기
M01909.0	백여
M01910.0	{ESC:k}
M01911.0	왕
M01912.0	기
M01913.0	공석
M01914.0	{ESC:k}
M01915.0	왕
M01916.0	광
M01917.0	공절
M01918.0	{ESC:k}
M01919.0	왕
M01920.0	업
M01922.0	{ESC:k}
M01923.0	왕
M01924.0	경
M01925.0	언위
M01926.0	{ESC:k}
M01927.0	왕
M01928.0	항
M01930.0	{ESC:k}
M01931.0	왕
M01932.0	혼
M01933.0	현충
M01934.0	{ESC:k}
M01935.0	왕
M01936.0	찬
M01937.0	중선
M01938.0	{ESC:k}
M01939.0	왕
M01940.0	수
M01941.0	숙치
M01942.0	{ESC:k}
M01943.0	왕
M01944.0	융
M01945.0	준충
M01946.0	{ESC:k}
M01947.0	왕
M01948.0	숙
M01949.0	자옹
M01950.0	{ESC:k}
M01951.0	왕
M01952.0	준
M01953.0	사치
M01954.0	{ESC:k}
M01955.0	왕
M01956.0	상
M01957.0	휴징
M01958.0	{ESC:k}
M01959.0	왕
M01960.0	침
M01961.0	처도
M01962.0	{ESC:k}
M01963.0	왕
M01964.0	쌍
M01965.0	자전
M01966.0	{ESC:k}
M01967.0	왕
M01968.0	충
M01970.0	{ESC:k}
M01971.0	왕
M01972.0	창
M01973.0	문서
M01974.0	{ESC:k}
M01975.0	왕
M01976.0	도
M01978.0	{ESC:k}
M01979.0	왕
M01980.0	돈
M01982.0	{ESC:k}
M01983.0	왕
M01984.0	매
M01986.0	{ESC:k}
M01987.0	왕
M01988.0	평
M01989.0	자균
M01990.0	{ESC:k}
M01991.0	왕
M01992.0	보
M01993.0	국산
M01994.0	{ESC:k}
M01995.0	왕
M01996.0	문
M01998.0	{ESC:k}
M01999.0	왕
M02000.0	릉
M02001.0	언운
M02002.0	{ESC:k}
M02003.0	왕
M02004.0	루
M02006.0	{ESC:k}
M02007.0	왕
M02008.0	랑
M02009.0	경흥
M02010.0	{ESC:k}
M02011.0	하
M02012.0	안
M02013.0	평숙
M02014.0	{ESC:k}
M02015.0	괴
M02016.0	월
M02017.0	이도
M02018.0	{ESC:k}
M02019.0	괴
M02020.0	량
M02021.0	자유
M02022.0	{ESC:k}
M02023.0	가
M02024.0	화
M02026.0	{ESC:k}
M02027.0	화
M02028.0	핵
M02029.0	영선
M02030.0	{ESC:k}
M02031.0	가
M02032.0	규
M02033.0	양도
M02034.0	{ESC:k}
M02035.0	하
M02036.0	의
M02038.0	{ESC:k}
M02039.0	화
M02040.0	흠
M02041.0	자어
M02042.0	{ESC:k}
M02043.0	가
M02044.0	후
M02045.0	문화
M02046.0	{ESC:k}
M02047.0	곽
M02048.0	혁
M02049.0	백익
M02050.0	{ESC:k}
M02051.0	곽
M02052.0	가
M02053.0	봉효
M02054.0	{ESC:k}
M02055.0	악
M02056.0	환
M02058.0	{ESC:k}
M02059.0	곽
M02060.0	사
M02062.0	{ESC:k}
M02063.0	악
M02064.0	취
M02066.0	{ESC:k}
M02067.0	곽
M02068.0	준
M02069.0	중막
M02070.0	{ESC:k}
M02071.0	학
M02072.0	소
M02073.0	백도
M02074.0	{ESC:k}
M02075.0	악
M02076.0	진
M02077.0	문겸
M02078.0	{ESC:k}
M02079.0	악
M02080.0	침
M02082.0	{ESC:k}
M02083.0	곽
M02084.0	도
M02085.0	공칙
M02086.0	{ESC:k}
M02087.0	곽
M02088.0	마
M02090.0	{ESC:k}
M02091.0	곽
M02092.0	유지
M02093.0	연장
M02094.0	{ESC:k}
M02095.0	곽
M02096.0	익
M02097.0	소선
M02098.0	{ESC:k}
M02099.0	곽
M02100.0	회
M02101.0	백제
M02102.0	{ESC:k}
M02103.0	하후
M02104.0	위
M02105.0	계권
M02106.0	{ESC:k}
M02107.0	하후
M02108.0	연
M02109.0	묘재
M02110.0	{ESC:k}
M02111.0	하후
M02112.0	은
M02114.0	{ESC:k}
M02115.0	하후
M02116.0	화
M02117.0	의권
M02118.0	{ESC:k}
M02119.0	하후
M02120.0	함
M02122.0	{ESC:k}
M02123.0	하후
M02124.0	혜
M02125.0	치권
M02126.0	{ESC:k}
M02127.0	하후
M02128.0	현
M02129.0	태초
M02130.0	{ESC:k}
M02131.0	하후
M02132.0	상
M02133.0	백인
M02134.0	{ESC:k}
M02135.0	하후
M02136.0	덕
M02138.0	{ESC:k}
M02139.0	하후
M02140.0	돈
M02141.0	원양
M02142.0	{ESC:k}
M02143.0	하후
M02144.0	패
M02145.0	중권
M02146.0	{ESC:k}
M02147.0	하후
M02148.0	무
M02149.0	자림
M02150.0	{ESC:k}
M02151.0	가
M02152.0	충
M02153.0	공려
M02154.0	{ESC:k}
M02155.0	하
M02156.0	식
M02158.0	{ESC:k}
M02159.0	하
M02160.0	진
M02161.0	수고
M02162.0	{ESC:k}
M02163.0	하
M02164.0	제
M02165.0	공묘
M02166.0	{ESC:k}
M02167.0	하
M02168.0	증
M02169.0	영고
M02170.0	{ESC:k}
M02171.0	하
M02172.0	정
M02173.0	원간
M02174.0	{ESC:k}
M02175.0	가
M02176.0	범
M02178.0	{ESC:k}
M02179.0	화
M02180.0	웅
M02182.0	{ESC:k}
M02183.0	관
M02184.0	이
M02186.0	{ESC:k}
M02187.0	한
M02188.0	윤
M02190.0	{ESC:k}
M02191.0	관
M02192.0	우
M02193.0	운장
M02194.0	{ESC:k}
M02195.0	관
M02196.0	해
M02198.0	{ESC:k}
M02199.0	관구
M02200.0	검
M02201.0	중공
M02202.0	{ESC:k}
M02203.0	관구
M02204.0	수
M02206.0	{ESC:k}
M02207.0	관구
M02208.0	전
M02209.0	자방
M02210.0	{ESC:k}
M02211.0	한
M02212.0	현
M02214.0	{ESC:k}
M02215.0	한
M02216.0	호
M02217.0	원사
M02218.0	{ESC:k}
M02219.0	관
M02220.0	흥
M02221.0	안국
M02222.0	{ESC:k}
M02223.0	관
M02224.0	색
M02226.0	{ESC:k}
M02227.0	한
M02228.0	수
M02229.0	문약
M02230.0	{ESC:k}
M02231.0	한
M02232.0	숭
M02233.0	덕고
M02234.0	{ESC:k}
M02235.0	관
M02236.0	정
M02237.0	사기
M02238.0	{ESC:k}
M02239.0	한
M02240.0	섬
M02242.0	{ESC:k}
M02243.0	감
M02244.0	택
M02245.0	덕윤
M02246.0	{ESC:k}
M02247.0	한
M02248.0	충
M02250.0	{ESC:k}
M02251.0	관
M02252.0	통
M02254.0	{ESC:k}
M02255.0	한
M02256.0	당
M02257.0	의공
M02258.0	{ESC:k}
M02259.0	한
M02260.0	덕
M02262.0	{ESC:k}
M02263.0	감
M02264.0	녕
M02265.0	흥패
M02266.0	{ESC:k}
M02267.0	환
M02268.0	범
M02269.0	원칙
M02270.0	{ESC:k}
M02271.0	한
M02272.0	복
M02273.0	문절
M02274.0	{ESC:k}
M02275.0	관
M02276.0	평
M02278.0	{ESC:k}
M02279.0	간
M02280.0	옹
M02281.0	헌화
M02282.0	{ESC:k}
M02283.0	안
M02284.0	량
M02286.0	{ESC:k}
M02287.0	위
M02288.0	연
M02289.0	문장
M02290.0	{ESC:k}
M02291.0	국
M02292.0	의
M02294.0	{ESC:k}
M02295.0	희
M02296.0	지재
M02298.0	{ESC:k}
M02299.0	위
M02300.0	속
M02302.0	{ESC:k}
M02303.0	위
M02304.0	막
M02306.0	{ESC:k}
M02307.0	위
M02308.0	유
M02310.0	{ESC:k}
M02311.0	우
M02312.0	금
M02314.0	{ESC:k}
M02315.0	구
M02316.0	건
M02318.0	{ESC:k}
M02319.0	우
M02320.0	보
M02322.0	{ESC:k}
M02323.0	구
M02324.0	본
M02326.0	{ESC:k}
M02327.0	강
M02328.0	유
M02329.0	백약
M02330.0	{ESC:k}
M02331.0	공
M02332.0	지
M02334.0	{ESC:k}
M02335.0	교
M02336.0	유
M02338.0	{ESC:k}
M02339.0	공
M02340.0	도
M02342.0	{ESC:k}
M02343.0	교
M02344.0	모
M02345.0	원위
M02346.0	{ESC:k}
M02347.0	허
M02348.0	의
M02350.0	{ESC:k}
M02351.0	허
M02352.0	공
M02354.0	{ESC:k}
M02355.0	허
M02356.0	정
M02357.0	문휴
M02358.0	{ESC:k}
M02359.0	허
M02360.0	저
M02361.0	중강
M02362.0	{ESC:k}
M02363.0	허
M02364.0	유
M02365.0	자원
M02366.0	{ESC:k}
M02367.0	기
M02368.0	령
M02370.0	{ESC:k}
M02371.0	금환
M02372.0	삼결
M02374.0	{ESC:k}
M02375.0	김
M02376.0	선
M02377.0	원기
M02378.0	{ESC:k}
M02379.0	우
M02380.0	사
M02381.0	세홍
M02382.0	{ESC:k}
M02383.0	우
M02384.0	번
M02385.0	중상
M02386.0	{ESC:k}
M02387.0	형
M02388.0	도영
M02390.0	{ESC:k}
M02391.0	극
M02392.0	정
M02393.0	영선
M02394.0	{ESC:k}
M02395.0	엄
M02396.0	안
M02398.0	{ESC:k}
M02399.0	견
M02400.0	홍
M02402.0	{ESC:k}
M02403.0	엄
M02404.0	강
M02406.0	{ESC:k}
M02407.0	엄
M02408.0	준
M02409.0	만재
M02410.0	{ESC:k}
M02411.0	엄
M02412.0	정
M02414.0	{ESC:k}
M02415.0	엄
M02416.0	백호
M02418.0	{ESC:k}
M02419.0	엄
M02420.0	여
M02422.0	{ESC:k}
M02423.0	오
M02424.0	의
M02425.0	자원
M02426.0	{ESC:k}
M02427.0	구
M02428.0	안
M02430.0	{ESC:k}
M02431.0	황
M02432.0	개
M02433.0	공복
M02434.0	{ESC:k}
M02435.0	고
M02436.0	간
M02437.0	원재
M02438.0	{ESC:k}
M02439.0	황
M02440.0	권
M02441.0	공형
M02442.0	{ESC:k}
M02443.0	황
M02444.0	호
M02446.0	{ESC:k}
M02447.0	고
M02448.0	유
M02449.0	문혜
M02450.0	{ESC:k}
M02451.0	고
M02452.0	순
M02454.0	{ESC:k}
M02455.0	고
M02456.0	상
M02458.0	{ESC:k}
M02459.0	고
M02460.0	승
M02462.0	{ESC:k}
M02463.0	황
M02464.0	숭
M02466.0	{ESC:k}
M02467.0	후
M02468.0	성
M02470.0	{ESC:k}
M02471.0	후
M02472.0	선
M02474.0	{ESC:k}
M02475.0	황
M02476.0	조
M02478.0	{ESC:k}
M02479.0	공손
M02480.0	월
M02482.0	{ESC:k}
M02483.0	공손
M02484.0	연
M02486.0	{ESC:k}
M02487.0	공손
M02488.0	공
M02490.0	{ESC:k}
M02491.0	공손
M02492.0	강
M02494.0	{ESC:k}
M02495.0	공손
M02496.0	찬
M02497.0	백규
M02498.0	{ESC:k}
M02499.0	공손
M02500.0	속
M02502.0	{ESC:k}
M02503.0	공손
M02504.0	도
M02505.0	승제
M02506.0	{ESC:k}
M02507.0	공손
M02508.0	범
M02510.0	{ESC:k}
M02511.0	공
M02512.0	주
M02513.0	공서
M02514.0	{ESC:k}
M02515.0	황
M02516.0	충
M02517.0	한승
M02518.0	{ESC:k}
M02519.0	고
M02520.0	정
M02522.0	{ESC:k}
M02523.0	고
M02524.0	패
M02526.0	{ESC:k}
M02527.0	황보
M02528.0	개
M02530.0	{ESC:k}
M02531.0	황보
M02532.0	숭
M02533.0	의진
M02534.0	{ESC:k}
M02535.0	공
M02536.0	융
M02537.0	문거
M02538.0	{ESC:k}
M02539.0	고
M02540.0	람
M02542.0	{ESC:k}
M02543.0	호
M02544.0	연
M02545.0	세원
M02546.0	{ESC:k}
M02547.0	오
M02548.0	연
M02550.0	{ESC:k}
M02551.0	오
M02552.0	거
M02554.0	{ESC:k}
M02555.0	오
M02556.0	언
M02557.0	자칙
M02558.0	{ESC:k}
M02559.0	오
M02560.0	강
M02562.0	{ESC:k}
M02563.0	호
M02564.0	제
M02565.0	위도
M02566.0	{ESC:k}
M02567.0	오
M02568.0	찬
M02569.0	공휴
M02570.0	{ESC:k}
M02571.0	호
M02572.0	질
M02573.0	문덕
M02574.0	{ESC:k}
M02575.0	오
M02576.0	질
M02577.0	계중
M02578.0	{ESC:k}
M02579.0	호
M02580.0	거아
M02582.0	{ESC:k}
M02583.0	호
M02584.0	준
M02586.0	{ESC:k}
M02587.0	호
M02588.0	진
M02589.0	문재
M02590.0	{ESC:k}
M02591.0	고
M02592.0	담
M02593.0	자묵
M02594.0	{ESC:k}
M02595.0	호
M02596.0	충
M02598.0	{ESC:k}
M02599.0	올
M02600.0	돌골
M02602.0	{ESC:k}
M02603.0	호
M02604.0	반
M02606.0	{ESC:k}
M02607.0	오
M02608.0	반
M02609.0	원웅
M02610.0	{ESC:k}
M02611.0	호
M02612.0	분
M02613.0	현위
M02614.0	{ESC:k}
M02615.0	고
M02616.0	옹
M02617.0	원탄
M02618.0	{ESC:k}
M02619.0	오
M02620.0	란
M02622.0	{ESC:k}
M02623.0	호
M02624.0	열
M02625.0	현무
M02626.0	{ESC:k}
M02627.0	최
M02628.0	염
M02629.0	계규
M02630.0	{ESC:k}
M02631.0	채
M02632.0	화
M02634.0	{ESC:k}
M02635.0	채
M02636.0	공
M02638.0	{ESC:k}
M02639.0	채
M02640.0	중
M02642.0	{ESC:k}
M02643.0	채
M02644.0	모
M02645.0	덕규
M02646.0	{ESC:k}
M02647.0	좌
M02648.0	혁
M02650.0	{ESC:k}
M02651.0	착
M02652.0	융
M02654.0	{ESC:k}
M02655.0	시
M02656.0	삭
M02658.0	{ESC:k}
M02659.0	사
M02660.0	찬
M02662.0	{ESC:k}
M02663.0	사마
M02664.0	의
M02665.0	중달
M02666.0	{ESC:k}
M02667.0	사마
M02668.0	염
M02669.0	안세
M02670.0	{ESC:k}
M02671.0	사마
M02672.0	사
M02673.0	자원
M02674.0	{ESC:k}
M02675.0	사마
M02676.0	소
M02677.0	자상
M02678.0	{ESC:k}
M02679.0	사마
M02680.0	주
M02681.0	자장
M02682.0	{ESC:k}
M02683.0	사마
M02684.0	부
M02685.0	숙달
M02686.0	{ESC:k}
M02687.0	사마
M02688.0	망
M02689.0	자초
M02690.0	{ESC:k}
M02691.0	사마
M02692.0	유
M02693.0	대유
M02694.0	{ESC:k}
M02695.0	사마
M02696.0	랑
M02697.0	백달
M02698.0	{ESC:k}
M02699.0	사
M02700.0	정
M02702.0	{ESC:k}
M02703.0	차
M02704.0	주
M02706.0	{ESC:k}
M02707.0	사
M02708.0	마가
M02710.0	{ESC:k}
M02711.0	주
M02712.0	이
M02713.0	계문
M02714.0	{ESC:k}
M02715.0	수
M02716.0	윤
M02718.0	{ESC:k}
M02719.0	주
M02720.0	흔
M02721.0	대명
M02722.0	{ESC:k}
M02723.0	주
M02724.0	지
M02726.0	{ESC:k}
M02727.0	주
M02728.0	준
M02730.0	{ESC:k}
M02731.0	주
M02732.0	창
M02734.0	{ESC:k}
M02735.0	수
M02736.0	칙
M02738.0	{ESC:k}
M02739.0	주
M02740.0	태
M02741.0	유평
M02742.0	{ESC:k}
M02743.0	주
M02744.0	태
M02746.0	{ESC:k}
M02747.0	주
M02748.0	방
M02749.0	자어
M02750.0	{ESC:k}
M02751.0	주
M02752.0	유
M02753.0	공근
M02754.0	{ESC:k}
M02755.0	주
M02756.0	환
M02757.0	휴목
M02758.0	{ESC:k}
M02759.0	주
M02760.0	거
M02761.0	자범
M02762.0	{ESC:k}
M02763.0	축
M02764.0	융
M02766.0	{ESC:k}
M02767.0	주
M02768.0	준
M02769.0	공위
M02770.0	{ESC:k}
M02771.0	주
M02772.0	연
M02773.0	의봉
M02774.0	{ESC:k}
M02775.0	주
M02776.0	치
M02777.0	군리
M02778.0	{ESC:k}
M02779.0	주
M02780.0	포
M02782.0	{ESC:k}
M02783.0	주
M02784.0	령
M02785.0	문박
M02786.0	{ESC:k}
M02787.0	순
M02788.0	욱
M02789.0	문약
M02790.0	{ESC:k}
M02791.0	순우
M02792.0	경
M02793.0	중간
M02794.0	{ESC:k}
M02795.0	순
M02796.0	개
M02798.0	{ESC:k}
M02799.0	순
M02800.0	의
M02801.0	경천
M02802.0	{ESC:k}
M02803.0	순
M02804.0	욱
M02806.0	{ESC:k}
M02807.0	순
M02808.0	심
M02809.0	우약
M02810.0	{ESC:k}
M02811.0	순
M02812.0	유
M02813.0	공달
M02814.0	{ESC:k}
M02815.0	초
M02816.0	이
M02818.0	{ESC:k}
M02819.0	종
M02820.0	육
M02821.0	치숙
M02822.0	{ESC:k}
M02823.0	장
M02824.0	완
M02825.0	공염
M02826.0	{ESC:k}
M02827.0	종
M02828.0	회
M02829.0	사계
M02830.0	{ESC:k}
M02831.0	장
M02832.0	간
M02833.0	자익
M02834.0	{ESC:k}
M02835.0	장
M02836.0	의거
M02838.0	{ESC:k}
M02839.0	장
M02840.0	흠
M02841.0	공혁
M02842.0	{ESC:k}
M02843.0	장
M02844.0	현
M02846.0	{ESC:k}
M02847.0	장
M02848.0	제
M02849.0	자통
M02850.0	{ESC:k}
M02851.0	초
M02852.0	주
M02853.0	윤남
M02854.0	{ESC:k}
M02855.0	장
M02856.0	서
M02858.0	{ESC:k}
M02859.0	향
M02860.0	총
M02862.0	{ESC:k}
M02863.0	소
M02864.0	제
M02865.0	원백
M02866.0	{ESC:k}
M02867.0	장
M02868.0	반
M02870.0	{ESC:k}
M02871.0	장
M02872.0	빈
M02874.0	{ESC:k}
M02875.0	종
M02876.0	요
M02877.0	원상
M02878.0	{ESC:k}
M02879.0	종리
M02880.0	비
M02882.0	{ESC:k}
M02883.0	향
M02884.0	랑
M02885.0	거달
M02886.0	{ESC:k}
M02887.0	서
M02888.0	영
M02890.0	{ESC:k}
M02891.0	제갈
M02892.0	각
M02893.0	원손
M02894.0	{ESC:k}
M02895.0	제갈
M02896.0	근
M02897.0	자유
M02898.0	{ESC:k}
M02899.0	제갈
M02900.0	균
M02902.0	{ESC:k}
M02903.0	제갈
M02904.0	서
M02906.0	{ESC:k}
M02907.0	제갈
M02908.0	상
M02910.0	{ESC:k}
M02911.0	제갈
M02912.0	정
M02913.0	중사
M02914.0	{ESC:k}
M02915.0	제갈
M02916.0	첨
M02917.0	사원
M02918.0	{ESC:k}
M02919.0	제갈
M02920.0	탄
M02921.0	공휴
M02922.0	{ESC:k}
M02923.0	제갈
M02924.0	량
M02925.0	공명
M02926.0	{ESC:k}
M02927.0	서
M02928.0	황
M02929.0	공명
M02930.0	{ESC:k}
M02931.0	서
M02932.0	질
M02934.0	{ESC:k}
M02935.0	서
M02936.0	서
M02937.0	원직
M02938.0	{ESC:k}
M02939.0	서
M02940.0	성
M02941.0	문향
M02942.0	{ESC:k}
M02943.0	서
M02944.0	막
M02945.0	경산
M02946.0	{ESC:k}
M02947.0	심
M02948.0	영
M02950.0	{ESC:k}
M02951.0	신
M02952.0	의
M02954.0	{ESC:k}
M02955.0	잠
M02956.0	혼
M02958.0	{ESC:k}
M02959.0	신
M02960.0	창
M02961.0	태옹
M02962.0	{ESC:k}
M02963.0	신
M02964.0	탐
M02965.0	의거
M02966.0	{ESC:k}
M02967.0	심
M02968.0	배
M02969.0	정남
M02970.0	{ESC:k}
M02971.0	신
M02972.0	비
M02973.0	좌치
M02974.0	{ESC:k}
M02975.0	신
M02976.0	평
M02977.0	중치
M02978.0	{ESC:k}
M02979.0	진
M02980.0	밀
M02981.0	자칙
M02982.0	{ESC:k}
M02983.0	진
M02984.0	랑
M02985.0	원명
M02986.0	{ESC:k}
M02987.0	수
M02988.0	고
M02989.0	백토
M02990.0	{ESC:k}
M02991.0	추
M02992.0	정
M02994.0	{ESC:k}
M02995.0	추
M02996.0	단
M02998.0	{ESC:k}
M02999.0	성
M03000.0	의
M03002.0	{ESC:k}
M03003.0	성
M03004.0	만
M03006.0	{ESC:k}
M03007.0	석
M03008.0	포
M03009.0	중용
M03010.0	{ESC:k}
M03011.0	설
M03012.0	영
M03013.0	도언
M03014.0	{ESC:k}
M03015.0	설
M03016.0	후
M03018.0	{ESC:k}
M03019.0	설
M03020.0	종
M03021.0	경문
M03022.0	{ESC:k}
M03023.0	전
M03024.0	의
M03026.0	{ESC:k}
M03027.0	전
M03028.0	역
M03030.0	{ESC:k}
M03031.0	전
M03032.0	기
M03034.0	{ESC:k}
M03035.0	선
M03036.0	경
M03038.0	{ESC:k}
M03039.0	전
M03040.0	상
M03042.0	{ESC:k}
M03043.0	전
M03044.0	종
M03045.0	자황
M03046.0	{ESC:k}
M03047.0	전
M03048.0	단
M03050.0	{ESC:k}
M03051.0	조
M03052.0	우
M03053.0	팽조
M03054.0	{ESC:k}
M03055.0	조
M03056.0	예
M03057.0	원중
M03058.0	{ESC:k}
M03059.0	조
M03060.0	환
M03061.0	경명
M03062.0	{ESC:k}
M03063.0	조
M03064.0	희
M03066.0	{ESC:k}
M03067.0	조
M03068.0	휴
M03069.0	문열
M03070.0	{ESC:k}
M03071.0	조
M03072.0	훈
M03074.0	{ESC:k}
M03075.0	송
M03076.0	헌
M03078.0	{ESC:k}
M03079.0	송
M03080.0	겸
M03082.0	{ESC:k}
M03083.0	조
M03084.0	앙
M03085.0	자수
M03086.0	{ESC:k}
M03087.0	조
M03088.0	홍
M03089.0	자렴
M03090.0	{ESC:k}
M03091.0	조
M03092.0	순
M03093.0	자화
M03094.0	{ESC:k}
M03095.0	조
M03096.0	창
M03097.0	자문
M03098.0	{ESC:k}
M03099.0	조
M03100.0	식
M03101.0	자건
M03102.0	{ESC:k}
M03103.0	조
M03104.0	진
M03105.0	자단
M03106.0	{ESC:k}
M03107.0	조
M03108.0	인
M03109.0	자효
M03110.0	{ESC:k}
M03111.0	조
M03112.0	성
M03114.0	{ESC:k}
M03115.0	조
M03116.0	조
M03117.0	맹덕
M03118.0	{ESC:k}
M03119.0	조
M03120.0	상
M03121.0	소백
M03122.0	{ESC:k}
M03123.0	조
M03124.0	충
M03125.0	창서
M03126.0	{ESC:k}
M03127.0	장
M03128.0	패
M03129.0	선고
M03130.0	{ESC:k}
M03131.0	조
M03132.0	비
M03133.0	자환
M03134.0	{ESC:k}
M03135.0	조
M03136.0	표
M03138.0	{ESC:k}
M03139.0	조
M03140.0	방
M03141.0	난경
M03142.0	{ESC:k}
M03143.0	조
M03144.0	모
M03145.0	언사
M03146.0	{ESC:k}
M03147.0	조
M03148.0	웅
M03150.0	{ESC:k}
M03151.0	저
M03152.0	곡
M03154.0	{ESC:k}
M03155.0	저
M03156.0	수
M03158.0	{ESC:k}
M03159.0	소
M03160.0	비
M03162.0	{ESC:k}
M03163.0	조
M03164.0	무
M03165.0	대영
M03166.0	{ESC:k}
M03167.0	소
M03168.0	유
M03170.0	{ESC:k}
M03171.0	손
M03172.0	이
M03174.0	{ESC:k}
M03175.0	손
M03176.0	화
M03177.0	자효
M03178.0	{ESC:k}
M03179.0	손
M03180.0	환
M03181.0	숙무
M03182.0	{ESC:k}
M03183.0	손
M03184.0	기
M03186.0	{ESC:k}
M03187.0	손
M03188.0	휴
M03189.0	자열
M03190.0	{ESC:k}
M03191.0	손
M03192.0	광
M03193.0	계좌
M03194.0	{ESC:k}
M03195.0	손
M03196.0	흠
M03198.0	{ESC:k}
M03199.0	손
M03200.0	견
M03201.0	문대
M03202.0	{ESC:k}
M03203.0	손
M03204.0	건
M03205.0	공우
M03206.0	{ESC:k}
M03207.0	손
M03208.0	권
M03209.0	중모
M03210.0	{ESC:k}
M03211.0	손
M03212.0	호
M03213.0	원종
M03214.0	{ESC:k}
M03215.0	손
M03216.0	책
M03217.0	백부
M03218.0	{ESC:k}
M03219.0	손
M03220.0	수
M03222.0	{ESC:k}
M03223.0	손
M03224.0	술
M03226.0	{ESC:k}
M03227.0	손
M03228.0	준
M03229.0	자원
M03230.0	{ESC:k}
M03231.0	손
M03232.0	소
M03233.0	공례
M03234.0	{ESC:k}
M03235.0	손
M03236.0	상향
M03238.0	{ESC:k}
M03239.0	손
M03240.0	진
M03242.0	{ESC:k}
M03243.0	손
M03244.0	정
M03245.0	유대
M03246.0	{ESC:k}
M03247.0	손
M03248.0	중
M03250.0	{ESC:k}
M03251.0	손
M03252.0	침
M03253.0	자통
M03254.0	{ESC:k}
M03255.0	손
M03256.0	등
M03257.0	자고
M03258.0	{ESC:k}
M03259.0	손
M03260.0	패
M03261.0	자위
M03262.0	{ESC:k}
M03263.0	손
M03264.0	유
M03265.0	중이
M03266.0	{ESC:k}
M03267.0	손
M03268.0	익
M03269.0	숙필
M03270.0	{ESC:k}
M03271.0	손
M03272.0	량
M03273.0	자명
M03274.0	{ESC:k}
M03275.0	손
M03276.0	례
M03277.0	덕달
M03278.0	{ESC:k}
M03279.0	손
M03280.0	랑
M03281.0	조안
M03282.0	{ESC:k}
M03283.0	손
M03284.0	만
M03286.0	{ESC:k}
M03287.0	태사
M03288.0	향
M03289.0	원복
M03290.0	{ESC:k}
M03291.0	태사
M03292.0	자
M03293.0	자의
M03294.0	{ESC:k}
M03295.0	대래
M03296.0	동주
M03298.0	{ESC:k}
M03299.0	대
M03300.0	릉
M03302.0	{ESC:k}
M03303.0	타사
M03304.0	대왕
M03306.0	{ESC:k}
M03307.0	담
M03308.0	웅
M03310.0	{ESC:k}
M03311.0	장
M03312.0	윤
M03314.0	{ESC:k}
M03315.0	조
M03316.0	운
M03317.0	자룡
M03318.0	{ESC:k}
M03319.0	장
M03320.0	위
M03322.0	{ESC:k}
M03323.0	장
M03324.0	영
M03326.0	{ESC:k}
M03327.0	장
M03328.0	영
M03330.0	{ESC:k}
M03331.0	장
M03332.0	연
M03334.0	{ESC:k}
M03335.0	장
M03336.0	횡
M03338.0	{ESC:k}
M03339.0	장
M03340.0	온
M03341.0	혜서
M03342.0	{ESC:k}
M03343.0	장
M03344.0	화
M03345.0	무선
M03346.0	{ESC:k}
M03347.0	장
M03348.0	개
M03350.0	{ESC:k}
M03351.0	장
M03352.0	각
M03354.0	{ESC:k}
M03355.0	장
M03356.0	기
M03357.0	덕용
M03358.0	{ESC:k}
M03359.0	장
M03360.0	휴
M03361.0	숙사
M03362.0	{ESC:k}
M03363.0	장
M03364.0	구
M03366.0	{ESC:k}
M03367.0	장
M03368.0	교
M03370.0	{ESC:k}
M03371.0	장
M03372.0	억
M03373.0	백기
M03374.0	{ESC:k}
M03375.0	장
M03376.0	훈
M03378.0	{ESC:k}
M03379.0	장
M03380.0	엄
M03381.0	자절
M03382.0	{ESC:k}
M03383.0	장
M03384.0	호
M03386.0	{ESC:k}
M03387.0	장
M03388.0	굉
M03389.0	자강
M03390.0	{ESC:k}
M03391.0	장
M03392.0	합
M03393.0	준애
M03394.0	{ESC:k}
M03395.0	조
M03396.0	광
M03398.0	{ESC:k}
M03399.0	조
M03400.0	홍
M03402.0	{ESC:k}
M03403.0	장
M03404.0	제
M03406.0	{ESC:k}
M03407.0	장
M03408.0	수
M03410.0	{ESC:k}
M03411.0	장
M03412.0	집
M03413.0	경중
M03414.0	{ESC:k}
M03415.0	장
M03416.0	준
M03418.0	{ESC:k}
M03419.0	장
M03420.0	소
M03421.0	자포
M03422.0	{ESC:k}
M03423.0	장
M03424.0	송
M03425.0	영년
M03426.0	{ESC:k}
M03427.0	장
M03428.0	소
M03430.0	{ESC:k}
M03431.0	장
M03432.0	승
M03433.0	중사
M03434.0	{ESC:k}
M03435.0	장
M03436.0	상
M03438.0	{ESC:k}
M03439.0	장
M03440.0	상
M03442.0	{ESC:k}
M03443.0	장
M03444.0	임
M03446.0	{ESC:k}
M03447.0	장
M03448.0	절
M03450.0	{ESC:k}
M03451.0	장
M03452.0	제
M03453.0	거선
M03454.0	{ESC:k}
M03455.0	조
M03456.0	통
M03458.0	{ESC:k}
M03459.0	장
M03460.0	특
M03461.0	자산
M03462.0	{ESC:k}
M03463.0	장
M03464.0	남
M03465.0	문진
M03466.0	{ESC:k}
M03467.0	장
M03468.0	막
M03469.0	맹탁
M03470.0	{ESC:k}
M03471.0	조
M03472.0	범
M03474.0	{ESC:k}
M03475.0	장
M03476.0	비
M03477.0	익덕
M03478.0	{ESC:k}
M03479.0	장
M03480.0	포
M03482.0	{ESC:k}
M03483.0	장
M03484.0	포
M03486.0	{ESC:k}
M03487.0	장
M03488.0	보
M03490.0	{ESC:k}
M03491.0	장
M03492.0	양
M03493.0	아숙
M03494.0	{ESC:k}
M03495.0	장
M03496.0	익
M03497.0	백공
M03498.0	{ESC:k}
M03499.0	장
M03500.0	료
M03501.0	문원
M03502.0	{ESC:k}
M03503.0	장
M03504.0	량
M03506.0	{ESC:k}
M03507.0	조
M03508.0	루
M03510.0	{ESC:k}
M03511.0	장
M03512.0	로
M03513.0	공기
M03514.0	{ESC:k}
M03515.0	진
M03516.0	횡
M03518.0	{ESC:k}
M03519.0	진
M03520.0	응
M03522.0	{ESC:k}
M03523.0	진
M03524.0	기
M03526.0	{ESC:k}
M03527.0	진
M03528.0	궁
M03529.0	공대
M03530.0	{ESC:k}
M03531.0	진
M03532.0	교
M03533.0	계필
M03534.0	{ESC:k}
M03535.0	진
M03536.0	군
M03537.0	장문
M03538.0	{ESC:k}
M03539.0	진
M03540.0	규
M03541.0	한유
M03542.0	{ESC:k}
M03543.0	진
M03544.0	건
M03545.0	휴연
M03546.0	{ESC:k}
M03547.0	진
M03548.0	원
M03550.0	{ESC:k}
M03551.0	진
M03552.0	수
M03553.0	승조
M03554.0	{ESC:k}
M03555.0	진
M03556.0	준
M03558.0	{ESC:k}
M03559.0	진
M03560.0	식
M03562.0	{ESC:k}
M03563.0	진
M03564.0	진
M03565.0	효기
M03566.0	{ESC:k}
M03567.0	진
M03568.0	태
M03569.0	현백
M03570.0	{ESC:k}
M03571.0	진
M03572.0	등
M03573.0	원룡
M03574.0	{ESC:k}
M03575.0	진
M03576.0	도
M03577.0	숙지
M03578.0	{ESC:k}
M03579.0	진
M03580.0	표
M03581.0	문오
M03582.0	{ESC:k}
M03583.0	진
M03584.0	무
M03585.0	자열
M03586.0	{ESC:k}
M03587.0	진
M03588.0	란
M03590.0	{ESC:k}
M03591.0	진
M03592.0	림
M03593.0	공장
M03594.0	{ESC:k}
M03595.0	정
M03596.0	욱
M03597.0	중덕
M03598.0	{ESC:k}
M03599.0	정
M03600.0	원지
M03602.0	{ESC:k}
M03603.0	정
M03604.0	의
M03605.0	정례
M03606.0	{ESC:k}
M03607.0	정
M03608.0	은
M03610.0	{ESC:k}
M03611.0	정
M03612.0	원
M03613.0	건양
M03614.0	{ESC:k}
M03615.0	정
M03616.0	충
M03617.0	문화
M03618.0	{ESC:k}
M03619.0	정
M03620.0	밀
M03621.0	언정
M03622.0	{ESC:k}
M03623.0	정
M03624.0	보
M03625.0	덕모
M03626.0	{ESC:k}
M03627.0	정
M03628.0	무
M03630.0	{ESC:k}
M03631.0	정
M03632.0	병
M03633.0	덕추
M03634.0	{ESC:k}
M03635.0	정
M03636.0	봉
M03637.0	승연
M03638.0	{ESC:k}
M03639.0	정
M03640.0	봉
M03642.0	{ESC:k}
M03643.0	전
M03644.0	위
M03646.0	{ESC:k}
M03647.0	전
M03648.0	해
M03650.0	{ESC:k}
M03651.0	전
M03652.0	장
M03654.0	{ESC:k}
M03655.0	전
M03656.0	속
M03658.0	{ESC:k}
M03659.0	전
M03660.0	주
M03661.0	자태
M03662.0	{ESC:k}
M03663.0	전
M03664.0	풍
M03665.0	원호
M03666.0	{ESC:k}
M03667.0	전
M03668.0	만
M03670.0	{ESC:k}
M03671.0	전
M03672.0	예
M03673.0	국양
M03674.0	{ESC:k}
M03675.0	등
M03676.0	윤
M03677.0	승사
M03678.0	{ESC:k}
M03679.0	동
M03680.0	윤
M03681.0	휴소
M03682.0	{ESC:k}
M03683.0	등
M03684.0	애
M03685.0	사재
M03686.0	{ESC:k}
M03687.0	당
M03688.0	균
M03690.0	{ESC:k}
M03691.0	동
M03692.0	궐
M03693.0	공습
M03694.0	{ESC:k}
M03695.0	도
M03696.0	겸
M03697.0	공조
M03698.0	{ESC:k}
M03699.0	등
M03700.0	현
M03702.0	{ESC:k}
M03703.0	도
M03704.0	황
M03706.0	{ESC:k}
M03707.0	등
M03708.0	지
M03709.0	백묘
M03710.0	{ESC:k}
M03711.0	당
M03712.0	자
M03714.0	{ESC:k}
M03715.0	동
M03716.0	습
M03717.0	원대
M03718.0	{ESC:k}
M03719.0	등
M03720.0	수
M03722.0	{ESC:k}
M03723.0	도
M03724.0	준
M03726.0	{ESC:k}
M03727.0	동
M03728.0	승
M03730.0	{ESC:k}
M03731.0	동
M03732.0	소
M03733.0	공인
M03734.0	{ESC:k}
M03735.0	동
M03736.0	탁
M03737.0	중영
M03738.0	{ESC:k}
M03739.0	등
M03740.0	충
M03742.0	{ESC:k}
M03743.0	동
M03744.0	조
M03746.0	{ESC:k}
M03747.0	동
M03748.0	도나
M03750.0	{ESC:k}
M03751.0	당
M03752.0	빈
M03753.0	유종
M03754.0	{ESC:k}
M03755.0	동
M03756.0	민
M03757.0	숙영
M03758.0	{ESC:k}
M03759.0	등
M03760.0	무
M03762.0	{ESC:k}
M03763.0	등
M03764.0	량
M03766.0	{ESC:k}
M03767.0	동
M03768.0	화
M03769.0	유재
M03770.0	{ESC:k}
M03771.0	두
M03772.0	예
M03773.0	원개
M03774.0	{ESC:k}
M03775.0	영
M03776.0	수
M03778.0	{ESC:k}
M03779.0	배
M03780.0	원소
M03782.0	{ESC:k}
M03783.0	배
M03784.0	수
M03785.0	계언
M03786.0	{ESC:k}
M03787.0	마
M03788.0	완
M03790.0	{ESC:k}
M03791.0	마
M03792.0	휴
M03794.0	{ESC:k}
M03795.0	마
M03796.0	균
M03797.0	덕형
M03798.0	{ESC:k}
M03799.0	마
M03800.0	준
M03802.0	{ESC:k}
M03803.0	마
M03804.0	속
M03805.0	유상
M03806.0	{ESC:k}
M03807.0	마
M03808.0	대
M03810.0	{ESC:k}
M03811.0	마
M03812.0	충
M03814.0	{ESC:k}
M03815.0	마
M03816.0	충
M03817.0	덕신
M03818.0	{ESC:k}
M03819.0	마
M03820.0	초
M03821.0	맹기
M03822.0	{ESC:k}
M03823.0	마
M03824.0	철
M03826.0	{ESC:k}
M03827.0	마
M03828.0	등
M03829.0	수성
M03830.0	{ESC:k}
M03831.0	마
M03832.0	막
M03834.0	{ESC:k}
M03835.0	마
M03836.0	륭
M03837.0	효흥
M03838.0	{ESC:k}
M03839.0	마
M03840.0	량
M03841.0	계상
M03842.0	{ESC:k}
M03843.0	만
M03844.0	욱
M03846.0	{ESC:k}
M03847.0	번
M03848.0	건
M03849.0	장원
M03850.0	{ESC:k}
M03851.0	반
M03852.0	준
M03853.0	승명
M03854.0	{ESC:k}
M03855.0	반
M03856.0	장
M03857.0	문규
M03858.0	{ESC:k}
M03859.0	번
M03860.0	조
M03862.0	{ESC:k}
M03863.0	반
M03864.0	봉
M03866.0	{ESC:k}
M03867.0	비
M03868.0	의
M03869.0	문위
M03870.0	{ESC:k}
M03871.0	비
M03872.0	연
M03874.0	{ESC:k}
M03875.0	미
M03876.0	축
M03877.0	자중
M03878.0	{ESC:k}
M03879.0	필
M03880.0	궤
M03881.0	소선
M03882.0	{ESC:k}
M03883.0	미
M03884.0	방
M03885.0	자방
M03886.0	{ESC:k}
M03887.0	비
M03888.0	요
M03890.0	{ESC:k}
M03891.0	무
M03892.0	안국
M03894.0	{ESC:k}
M03895.0	풍
M03896.0	습
M03897.0	휴원
M03898.0	{ESC:k}
M03899.0	풍
M03900.0	담
M03901.0	소주
M03902.0	{ESC:k}
M03903.0	부
M03904.0	하
M03905.0	난석
M03906.0	{ESC:k}
M03907.0	부사
M03908.0	인
M03909.0	군의
M03910.0	{ESC:k}
M03911.0	부
M03912.0	첨
M03914.0	{ESC:k}
M03915.0	부
M03916.0	손
M03917.0	공제
M03918.0	{ESC:k}
M03919.0	부
M03920.0	동
M03922.0	{ESC:k}
M03923.0	문
M03924.0	앙
M03926.0	{ESC:k}
M03927.0	문
M03928.0	흠
M03929.0	중약
M03930.0	{ESC:k}
M03931.0	문
M03932.0	호
M03934.0	{ESC:k}
M03935.0	문
M03936.0	추
M03938.0	{ESC:k}
M03939.0	문
M03940.0	빙
M03941.0	중업
M03942.0	{ESC:k}
M03943.0	변
M03944.0	희
M03946.0	{ESC:k}
M03947.0	방
M03948.0	열
M03950.0	{ESC:k}
M03951.0	방
M03952.0	회
M03954.0	{ESC:k}
M03955.0	망
M03956.0	아장
M03958.0	{ESC:k}
M03959.0	봉
M03960.0	기
M03961.0	원도
M03962.0	{ESC:k}
M03963.0	방
M03964.0	희
M03966.0	{ESC:k}
M03967.0	포
M03968.0	신
M03970.0	{ESC:k}
M03971.0	법
M03972.0	정
M03973.0	효직
M03974.0	{ESC:k}
M03975.0	방
M03976.0	통
M03977.0	사원
M03978.0	{ESC:k}
M03979.0	방
M03980.0	덕
M03981.0	영명
M03982.0	{ESC:k}
M03983.0	포
M03984.0	륭
M03986.0	{ESC:k}
M03987.0	보
M03988.0	협
M03990.0	{ESC:k}
M03991.0	목
M03992.0	순
M03994.0	{ESC:k}
M03995.0	복양
M03996.0	흥
M03997.0	자원
M03998.0	{ESC:k}
M03999.0	목록
M04000.0	대왕
M04002.0	{ESC:k}
M04003.0	보
M04004.0	즐
M04005.0	자산
M04006.0	{ESC:k}
M04007.0	보
M04008.0	천
M04010.0	{ESC:k}
M04011.0	만
M04012.0	총
M04013.0	백녕
M04014.0	{ESC:k}
M04015.0	모
M04016.0	개
M04017.0	효선
M04018.0	{ESC:k}
M04019.0	맹
M04020.0	획
M04022.0	{ESC:k}
M04023.0	모
M04024.0	경
M04026.0	{ESC:k}
M04027.0	맹
M04028.0	종
M04029.0	공무
M04030.0	{ESC:k}
M04031.0	맹
M04032.0	달
M04033.0	자경
M04034.0	{ESC:k}
M04035.0	맹
M04036.0	우
M04038.0	{ESC:k}
M04039.0	유
M04040.0	섭
M04042.0	{ESC:k}
M04043.0	양
M04044.0	회
M04046.0	{ESC:k}
M04047.0	옹
M04048.0	개
M04050.0	{ESC:k}
M04051.0	양
M04052.0	의
M04053.0	위공
M04054.0	{ESC:k}
M04055.0	양
M04056.0	흔
M04058.0	{ESC:k}
M04059.0	양
M04060.0	호
M04061.0	숙자
M04062.0	{ESC:k}
M04063.0	양
M04064.0	홍
M04066.0	{ESC:k}
M04067.0	양
M04068.0	앙
M04070.0	{ESC:k}
M04071.0	양
M04072.0	제
M04073.0	문통
M04074.0	{ESC:k}
M04075.0	양
M04076.0	추
M04078.0	{ESC:k}
M04079.0	양
M04080.0	수
M04081.0	덕조
M04082.0	{ESC:k}
M04083.0	양
M04084.0	추
M04086.0	{ESC:k}
M04087.0	양
M04088.0	송
M04090.0	{ESC:k}
M04091.0	양
M04092.0	직
M04094.0	{ESC:k}
M04095.0	양
M04096.0	임
M04098.0	{ESC:k}
M04099.0	양
M04100.0	조
M04102.0	{ESC:k}
M04103.0	양
M04104.0	조
M04106.0	{ESC:k}
M04107.0	양
M04108.0	백
M04110.0	{ESC:k}
M04111.0	양
M04112.0	부
M04113.0	의산
M04114.0	{ESC:k}
M04115.0	양
M04116.0	봉
M04118.0	{ESC:k}
M04119.0	뇌
M04120.0	동
M04122.0	{ESC:k}
M04123.0	뇌
M04124.0	박
M04126.0	{ESC:k}
M04127.0	낙
M04128.0	통
M04129.0	공서
M04130.0	{ESC:k}
M04131.0	나
M04132.0	헌
M04133.0	영칙
M04134.0	{ESC:k}
M04135.0	이
M04136.0	이
M04138.0	{ESC:k}
M04139.0	이
M04140.0	회
M04141.0	덕앙
M04142.0	{ESC:k}
M04143.0	이
M04144.0	각
M04145.0	치연
M04146.0	{ESC:k}
M04147.0	이
M04148.0	구
M04150.0	{ESC:k}
M04151.0	이
M04152.0	흠
M04154.0	{ESC:k}
M04155.0	육
M04156.0	개
M04157.0	경풍
M04158.0	{ESC:k}
M04159.0	육
M04160.0	경
M04161.0	사인
M04162.0	{ESC:k}
M04163.0	육
M04164.0	항
M04165.0	유절
M04166.0	{ESC:k}
M04167.0	육
M04168.0	적
M04169.0	공기
M04170.0	{ESC:k}
M04171.0	육
M04172.0	손
M04173.0	백언
M04174.0	{ESC:k}
M04175.0	이
M04176.0	엄
M04177.0	정방
M04178.0	{ESC:k}
M04179.0	이
M04180.0	유
M04182.0	{ESC:k}
M04183.0	이
M04184.0	숙
M04185.0	위공
M04186.0	{ESC:k}
M04187.0	이
M04188.0	승
M04189.0	공소
M04190.0	{ESC:k}
M04191.0	이
M04192.0	감
M04194.0	{ESC:k}
M04195.0	이
M04196.0	통
M04197.0	문달
M04198.0	{ESC:k}
M04199.0	이
M04200.0	전
M04201.0	만성
M04202.0	{ESC:k}
M04203.0	이
M04204.0	보
M04206.0	{ESC:k}
M04207.0	이
M04208.0	풍
M04210.0	{ESC:k}
M04211.0	이
M04212.0	풍
M04213.0	안국
M04214.0	{ESC:k}
M04215.0	유
M04216.0	언
M04217.0	군랑
M04218.0	{ESC:k}
M04219.0	유
M04220.0	괴
M04222.0	{ESC:k}
M04223.0	유
M04224.0	기
M04226.0	{ESC:k}
M04227.0	유
M04228.0	우
M04229.0	백안
M04230.0	{ESC:k}
M04231.0	유
M04232.0	훈
M04233.0	자대
M04234.0	{ESC:k}
M04235.0	유
M04236.0	현
M04238.0	{ESC:k}
M04239.0	유
M04240.0	찬
M04241.0	정명
M04242.0	{ESC:k}
M04243.0	유
M04244.0	준
M04246.0	{ESC:k}
M04247.0	유
M04248.0	순
M04250.0	{ESC:k}
M04251.0	유
M04252.0	장
M04253.0	계옥
M04254.0	{ESC:k}
M04255.0	유
M04256.0	소
M04257.0	공재
M04258.0	{ESC:k}
M04259.0	유
M04260.0	승
M04262.0	{ESC:k}
M04263.0	유
M04264.0	식
M04265.0	자진
M04266.0	{ESC:k}
M04267.0	유
M04268.0	심
M04270.0	{ESC:k}
M04271.0	유
M04272.0	선
M04273.0	문형
M04274.0	{ESC:k}
M04275.0	유
M04276.0	선
M04277.0	공사
M04278.0	{ESC:k}
M04279.0	유
M04280.0	종
M04282.0	{ESC:k}
M04283.0	유
M04284.0	대
M04285.0	공산
M04286.0	{ESC:k}
M04287.0	유
M04288.0	도
M04290.0	{ESC:k}
M04291.0	유
M04292.0	파
M04293.0	자초
M04294.0	{ESC:k}
M04295.0	유
M04296.0	비
M04297.0	현덕
M04298.0	{ESC:k}
M04299.0	유
M04300.0	표
M04301.0	경승
M04302.0	{ESC:k}
M04303.0	유
M04304.0	평
M04306.0	{ESC:k}
M04307.0	유
M04308.0	벽
M04310.0	{ESC:k}
M04311.0	유
M04312.0	봉
M04314.0	{ESC:k}
M04315.0	유
M04316.0	엽
M04317.0	자양
M04318.0	{ESC:k}
M04319.0	유
M04320.0	요
M04321.0	정례
M04322.0	{ESC:k}
M04323.0	유
M04324.0	략
M04326.0	{ESC:k}
M04327.0	여
M04328.0	위황
M04330.0	{ESC:k}
M04331.0	요
M04332.0	화
M04333.0	원검
M04334.0	{ESC:k}
M04335.0	양
M04336.0	흥
M04338.0	{ESC:k}
M04339.0	양
M04340.0	서
M04342.0	{ESC:k}
M04343.0	능
M04344.0	조
M04346.0	{ESC:k}
M04347.0	능
M04348.0	통
M04349.0	공적
M04350.0	{ESC:k}
M04351.0	여
M04352.0	개
M04353.0	계평
M04354.0	{ESC:k}
M04355.0	여
M04356.0	거
M04357.0	세의
M04358.0	{ESC:k}
M04359.0	여
M04360.0	건
M04361.0	자각
M04362.0	{ESC:k}
M04363.0	여
M04364.0	광
M04366.0	{ESC:k}
M04367.0	여
M04368.0	상
M04370.0	{ESC:k}
M04371.0	여
M04372.0	대
M04373.0	정공
M04374.0	{ESC:k}
M04375.0	여
M04376.0	범
M04377.0	자형
M04378.0	{ESC:k}
M04379.0	여
M04380.0	포
M04381.0	봉선
M04382.0	{ESC:k}
M04383.0	여
M04384.0	몽
M04385.0	자명
M04386.0	{ESC:k}
M04387.0	윤
M04388.0	직
M04390.0	{ESC:k}
M04391.0	냉
M04392.0	포
M04394.0	{ESC:k}
M04395.0	누
M04396.0	현
M04397.0	승선
M04398.0	{ESC:k}
M04399.0	노
M04400.0	숙
M04401.0	자경
M04402.0	{ESC:k}
M04403.0	노
M04404.0	숙
M04406.0	{ESC:k}
M04407.0	노
M04408.0	식
M04409.0	자간
M04410.0	{ESC:k}
M04411.0	왜
M04412.0	여왕
M04414.0	{ESC:k}
M04415.0	왜
M04416.0	무녀
M04418.0	{ESC:k}
M04419.0	왜
M04420.0	대부
M04422.0	{ESC:k}
M04423.0	왜
M04424.0	비구
M04426.0	{ESC:k}
M04427.0	왜
M04428.0	무장
M04430.0	{ESC:k}
M04431.0	오환
M04432.0	대왕
M04434.0	{ESC:k}
M04435.0	오환
M04436.0	대인
M04438.0	{ESC:k}
M04439.0	오환
M04440.0	솔중
M04442.0	{ESC:k}
M04443.0	오환
M04444.0	도독
M04446.0	{ESC:k}
M04447.0	오환
M04448.0	무장
M04450.0	{ESC:k}
M04451.0	강
M04452.0	대왕
M04454.0	{ESC:k}
M04455.0	강
M04456.0	승상
M04458.0	{ESC:k}
M04459.0	강
M04460.0	원수
M04462.0	{ESC:k}
M04463.0	강
M04464.0	추장
M04466.0	{ESC:k}
M04467.0	강
M04468.0	무장
M04470.0	{ESC:k}
M04471.0	산월
M04472.0	대왕
M04474.0	{ESC:k}
M04475.0	산월
M04476.0	맹자
M04478.0	{ESC:k}
M04479.0	산월
M04480.0	용자
M04482.0	{ESC:k}
M04483.0	산월
M04484.0	전사
M04486.0	{ESC:k}
M04487.0	산월
M04488.0	무장
M04490.0	{ESC:k}
M04491.0	남만
M04492.0	대왕
M04494.0	{ESC:k}
M04495.0	남만
M04496.0	동주
M04498.0	{ESC:k}
M04499.0	남만
M04500.0	방사
M04502.0	{ESC:k}
M04503.0	남만
M04504.0	부장
M04506.0	{ESC:k}
M04507.0	남만
M04508.0	무장
M04510.0	{ESC:k}
M04511.0	영
M04512.0	제
M04514.0	{ESC:k}
M04515.0	소
M04516.0	제
M04518.0	{ESC:k}
M04519.0	헌
M04520.0	제
M04522.0	{ESC:k}
M04523.0	우
M04524.0	길
M04526.0	{ESC:k}
M04527.0	화
M04528.0	타
M04530.0	{ESC:k}
M04531.0	관
M04532.0	로
M04534.0	{ESC:k}
M04535.0	허
M04536.0	소
M04538.0	{ESC:k}
M04539.0	좌
M04540.0	자
M04542.0	{ESC:k}
M04543.0	사마
M04544.0	휘
M04546.0	{ESC:k}
M04547.0	예
M04548.0	형
M04549.0	정평
M04550.0	{ESC:k}
M04551.0	초
M04552.0	선
M04554.0	{ESC:k}
M04555.0	대
M04556.0	교
M04558.0	{ESC:k}
M04559.0	소
M04560.0	교
M04562.0	{ESC:k}
M04563.0	채
M04564.0	염
M04566.0	{ESC:k}
M04567.0	마
M04568.0	운록
M04570.0	{ESC:k}
M04571.0	황
M04572.0	월영
M04574.0	{ESC:k}
M04575.0	북
M04576.0	두
M04578.0	{ESC:k}
M04579.0	남
M04580.0	두
M04582.0	{ESC:k}
M04583.0	도
M04584.0	적
M04586.0	{ESC:k}
M04587.0	문
M04588.0	관
M04590.0	{ESC:k}
M04591.0	병
M04592.0	사
M04594.0	{ESC:k}
M04595.0	남자
M04598.0	{ESC:k}
M04599.0	여자
M04602.0	{ESC:k}
M04603.0	노
M04604.0	인
M04606.0	{ESC:k}
M04607.0	아이
M04608.0	
M04610.0	{ESC:k}
M04611.0	추
M04612.0	씨
M04614.0	{ESC:k}
M04615.0	견
M04616.0	씨
M04618.0	{ESC:k}
M04619.0	포
M04620.0	삼랑
M04622.0	{ESC:k}
M04623.0	화
M04624.0	만
M04626.0	{ESC:k}
M04627.0	동
M04628.0	백
M04630.0	{ESC:k}
M04631.0	번
M04632.0	씨
M04634.0	{ESC:k}
M04635.0	신
M04636.0	헌영
M04638.0	{ESC:k}
M04639.0	하후
M04640.0	령녀
M04642.0	{ESC:k}
M04643.0	여
M04644.0	령기
M04646.0	{ESC:k}
M04647.0	교
M04648.0	현
M04650.0	{ESC:k}
M04651.0	공
M04652.0	구
M04653.0	중니
M04654.0	{ESC:k}
M04655.0	장
M04656.0	의
M04658.0	{ESC:k}
M04659.0	인
M04660.0	상여
M04662.0	{ESC:k}
M04663.0	악
M04664.0	의
M04666.0	{ESC:k}
M04667.0	백
M04668.0	기
M04670.0	{ESC:k}
M04671.0	이
M04672.0	사
M04674.0	{ESC:k}
M04675.0	왕
M04676.0	전
M04678.0	{ESC:k}
M04679.0	항
M04680.0	적
M04681.0	우
M04682.0	{ESC:k}
M04683.0	범
M04684.0	증
M04686.0	{ESC:k}
M04687.0	영
M04688.0	포
M04690.0	{ESC:k}
M04691.0	유
M04692.0	방
M04693.0	계
M04694.0	{ESC:k}
M04695.0	한
M04696.0	신
M04698.0	{ESC:k}
M04699.0	장
M04700.0	량
M04701.0	자방
M04702.0	{ESC:k}
M04703.0	곽
M04704.0	거병
M04706.0	{ESC:k}
M04707.0	손
M04708.0	빈
M04710.0	{ESC:k}
M04711.0	영
M04712.0	정
M04714.0	{ESC:k}
M04715.0	양
M04716.0	대안
M04718.0	{ESC:k}
M04719.0	진
M04720.0	경지
M04721.0	자운
M04722.0	{ESC:k}
M04723.0	고
M04724.0	장공
M04726.0	{ESC:k}
M04727.0	이
M04728.0	적
M04729.0	무공
M04730.0	{ESC:k}
M04731.0	악
M04732.0	비
M04733.0	붕거
M04734.0	{ESC:k}
M04735.0	관
M04736.0	이오
M04737.0	중
M04738.0	{ESC:k}
M04739.0	소
M04740.0	하
M04742.0	{ESC:k}
M04743.0	진
M04744.0	량옥
M04745.0	정소
M04746.0	{ESC:k}
M04747.0	성길
M04748.0	사한
M04750.0	{ESC:k}
M04751.0	남
M04755.0	남
M04759.0	남
M04763.0	남
M04767.0	남
M04771.0	남
M04775.0	남
M04779.0	남
M04783.0	남
M04787.0	남
M04791.0	남
M04795.0	남
M04799.0	남
M04803.0	남
M04807.0	남
M04811.0	남
M04815.0	남
M04819.0	남
M04823.0	남
M04827.0	남
M04831.0	남
M04835.0	남
M04839.0	남
M04843.0	남
M04847.0	남
M04851.0	남
M04855.0	남
M04859.0	남
M04863.0	남
M04867.0	남
M04871.0	남
M04875.0	남
M04879.0	남
M04883.0	남
M04887.0	남
M04891.0	남
M04895.0	남
M04899.0	남
M04903.0	남
M04907.0	남
M04911.0	남
M04915.0	남
M04919.0	남
M04923.0	남
M04927.0	남
M04931.0	남
M04935.0	남
M04939.0	남
M04943.0	남
M04947.0	남
M04951.0	남
M04955.0	남
M04959.0	남
M04963.0	남
M04967.0	남
M04971.0	남
M04975.0	남
M04979.0	남
M04983.0	남
M04987.0	남
M04991.0	남
M04995.0	남
M04999.0	남
M05003.0	남
M05007.0	남
M05011.0	남
M05015.0	남
M05019.0	남
M05023.0	남
M05027.0	남
M05031.0	여
M05035.0	여
M05039.0	여
M05043.0	여
M05047.0	여
M05051.0	여
M05055.0	여
M05059.0	여
M05063.0	여
M05067.0	여
M05071.0	여
M05075.0	여
M05079.0	여
M05083.0	여
M05087.0	여
M05091.0	여
M05095.0	여
M05099.0	여
M05103.0	여
M05107.0	여
M05111.0	여
M05115.0	여
M05119.0	여
M05123.0	여
M05127.0	여
M05131.0	여
M05135.0	여
M05139.0	여
M05143.0	여
M05147.0	여
M05151.0	무장
M05152.0	성
M05153.0	명
M05154.0	무장
M05155.0	자
M05156.0	{ESC:k}
M05157.0	얼굴번호
M05158.0	고유번호
M05159.0	등장년
M05160.0	생년
M05161.0	나이
M05162.0	사관
M05163.0	소속
M05164.0	소속
M05165.0	소재
M05166.0	세력
M05167.0	세력
M05168.0	군단
M05169.0	군단
M05170.0	구소속세력번호
M05171.0	부대
M05172.0	신분
M05173.0	신분
M05174.0	대장플래그
M05175.0	대장
M05176.0	성별
M05177.0	성별
M05178.0	통솔
M05179.0	무력
M05180.0	지력
M05181.0	정치
M05182.0	세력0친밀
M05183.0	세력1친밀
M05184.0	세력2친밀
M05185.0	세력3친밀
M05186.0	세력4친밀
M05187.0	세력5친밀
M05188.0	세력6친밀
M05189.0	세력7친밀
M05190.0	세력8친밀
M05191.0	세력9친밀
M05192.0	세력10친밀
M05193.0	세력11친밀
M05194.0	세력12친밀
M05195.0	세력13친밀
M05196.0	세력14친밀
M05197.0	세력15친밀
M05198.0	세력16친밀
M05199.0	세력17친밀
M05200.0	세력18친밀
M05201.0	세력19친밀
M05202.0	세력20친밀
M05203.0	세력21친밀
M05204.0	세력22친밀
M05205.0	세력23친밀
M05206.0	세력24친밀
M05207.0	세력25친밀
M05208.0	세력26친밀
M05209.0	세력27친밀
M05210.0	세력28친밀
M05211.0	세력29친밀
M05212.0	세력30친밀
M05213.0	세력31친밀
M05214.0	세력32친밀
M05215.0	세력33친밀
M05216.0	세력34친밀
M05217.0	세력35친밀
M05218.0	세력36친밀
M05219.0	세력37친밀
M05220.0	세력38친밀
M05221.0	세력39친밀
M05222.0	세력40친밀
M05223.0	세력41친밀
M05224.0	세력42친밀
M05225.0	세력43친밀
M05226.0	세력44친밀
M05227.0	세력45친밀
M05228.0	세력46친밀
M05229.0	세력47친밀
M05230.0	세력48친밀
M05231.0	세력49친밀
M05232.0	충성
M05233.0	친밀
M05234.0	작위
M05235.0	지휘
M05236.0	녹봉
M05237.0	수명
M05238.0	건강
M05239.0	건강
M05240.0	혈연번호
M05241.0	부모
M05242.0	자식
M05243.0	상성
M05244.0	의리
M05245.0	야망
M05246.0	성격
M05247.0	성격
M05248.0	보병
M05249.0	보병숙련
M05250.0	기병
M05251.0	기병숙련
M05252.0	궁기
M05253.0	궁기숙련
M05254.0	노병
M05255.0	노병숙련
M05256.0	수군
M05257.0	수군숙련
M05258.0	공성
M05259.0	공성숙련
M05260.0	지식
M05261.0	지식숙련
M05262.0	모략
M05263.0	모략숙련
M05264.0	책략
M05265.0	책략숙련
M05266.0	병법
M05267.0	명령
M05268.0	명령
M05269.0	목표
M05270.0	대상
M05271.0	조건
M05272.0	분전
M05273.0	분투
M05274.0	분신
M05275.0	돌파
M05276.0	돌진
M05277.0	돌격
M05278.0	기사
M05279.0	주사
M05280.0	비사
M05281.0	제사
M05282.0	연사
M05283.0	연노
M05284.0	몽충
M05285.0	누선
M05286.0	투함
M05287.0	정란
M05288.0	충차
M05289.0	투석
M05290.0	상병
M05291.0	조영
M05292.0	석병
M05293.0	파괴
M05294.0	교사
M05295.0	혼란
M05296.0	덫
M05297.0	배반
M05298.0	환술
M05299.0	매도
M05300.0	고무
M05301.0	치료
M05302.0	요술
M05303.0	시우
M05304.0	난사
M05305.0	강습
M05306.0	강공
M05307.0	함정
M05308.0	불덫
M05309.0	물덫
M05310.0	돌덫
M05311.0	낙석
M05312.0	사대
M05313.0	습득
M05314.0	{ESC:k}
M05315.0	깃발글자번호
M05316.0	등록
M05317.0	도착
M05318.0	포진
M05319.0	색성명
M05320.0	색성
M05321.0	색명
M05322.0	색자
M05323.0	색세력
M05324.0	색군단
M05325.0	색시설
M05326.0	도착
M05327.0	도착
M05328.0	작위
M05329.0	작위
M05330.0	휴식
M05331.0	충성
M05332.0	명령
M05333.0	대상
M05334.0	목표
M05335.0	도착
M05336.0	통솔
M05337.0	무력
M05338.0	지력
M05339.0	정치
M05340.0	통솔
M05341.0	무력
M05342.0	지력
M05343.0	정치
M05344.0	통솔
M05345.0	무력
M05346.0	지력
M05347.0	정치
M05348.0	통솔
M05349.0	무력
M05350.0	지력
M05351.0	정치
M05352.0	습득
M05353.0	발탁
M05354.0	편집
M05355.0	승상
M05356.0	{ESC:k}
M05357.0	사공
M05358.0	{ESC:k}
M05359.0	태위
M05360.0	{ESC:k}
M05361.0	사도
M05362.0	{ESC:k}
M05363.0	대도독
M05364.0	{ESC:k}
M05365.0	위장군
M05366.0	{ESC:k}
M05367.0	표기장군
M05368.0	{ESC:k}
M05369.0	거기장군
M05370.0	{ESC:k}
M05371.0	광록훈
M05372.0	{ESC:k}
M05373.0	대사농
M05374.0	{ESC:k}
M05375.0	위위
M05376.0	{ESC:k}
M05377.0	정위
M05378.0	{ESC:k}
M05379.0	정동장군
M05380.0	{ESC:k}
M05381.0	정남장군
M05382.0	{ESC:k}
M05383.0	정서장군
M05384.0	{ESC:k}
M05385.0	정북장군
M05386.0	{ESC:k}
M05387.0	상서령
M05388.0	{ESC:k}
M05389.0	태복
M05390.0	{ESC:k}
M05391.0	태상
M05392.0	{ESC:k}
M05393.0	광록대부
M05394.0	{ESC:k}
M05395.0	진동장군
M05396.0	{ESC:k}
M05397.0	진남장군
M05398.0	{ESC:k}
M05399.0	진서장군
M05400.0	{ESC:k}
M05401.0	진북장군
M05402.0	{ESC:k}
M05403.0	중서령
M05404.0	{ESC:k}
M05405.0	어사중승
M05406.0	{ESC:k}
M05407.0	집금오
M05408.0	{ESC:k}
M05409.0	소부
M05410.0	{ESC:k}
M05411.0	안동장군
M05412.0	{ESC:k}
M05413.0	안남장군
M05414.0	{ESC:k}
M05415.0	안서장군
M05416.0	{ESC:k}
M05417.0	안북장군
M05418.0	{ESC:k}
M05419.0	비서령
M05420.0	{ESC:k}
M05421.0	시중
M05422.0	{ESC:k}
M05423.0	유부장사
M05424.0	{ESC:k}
M05425.0	태학박사
M05426.0	{ESC:k}
M05427.0	좌장군
M05428.0	{ESC:k}
M05429.0	우장군
M05430.0	{ESC:k}
M05431.0	전장군
M05432.0	{ESC:k}
M05433.0	후장군
M05434.0	{ESC:k}
M05435.0	알자복야
M05436.0	{ESC:k}
M05437.0	도위
M05438.0	{ESC:k}
M05439.0	황문시랑
M05440.0	{ESC:k}
M05441.0	태사령
M05442.0	{ESC:k}
M05443.0	군사장군
M05444.0	{ESC:k}
M05445.0	안국장군
M05446.0	{ESC:k}
M05447.0	파로장군
M05448.0	{ESC:k}
M05449.0	토역장군
M05450.0	{ESC:k}
M05451.0	낭중
M05452.0	{ESC:k}
M05453.0	종사중랑
M05454.0	{ESC:k}
M05455.0	장사
M05456.0	{ESC:k}
M05457.0	사마
M05458.0	{ESC:k}
M05459.0	위동장군
M05460.0	{ESC:k}
M05461.0	위남장군
M05462.0	{ESC:k}
M05463.0	위서장군
M05464.0	{ESC:k}
M05465.0	위북장군
M05466.0	{ESC:k}
M05467.0	태악령
M05468.0	{ESC:k}
M05469.0	대창령
M05470.0	{ESC:k}
M05471.0	무고령
M05472.0	{ESC:k}
M05473.0	위사령
M05474.0	{ESC:k}
M05475.0	아문장군
M05476.0	{ESC:k}
M05477.0	호군
M05478.0	{ESC:k}
M05479.0	편장군
M05480.0	{ESC:k}
M05481.0	비장군
M05482.0	{ESC:k}
M05483.0	주부
M05484.0	{ESC:k}
M05485.0	간의대부
M05486.0	{ESC:k}
M05487.0	시랑
M05488.0	{ESC:k}
M05489.0	중랑
M05490.0	{ESC:k}
M05491.0	충의교위
M05492.0	{ESC:k}
M05493.0	소신교위
M05494.0	{ESC:k}
M05495.0	유림교위
M05496.0	{ESC:k}
M05497.0	건의교위
M05498.0	{ESC:k}
M05499.0	분위교위
M05500.0	{ESC:k}
M05501.0	선신교위
M05502.0	{ESC:k}
M05503.0	파적교위
M05504.0	{ESC:k}
M05505.0	무위교위
M05506.0	{ESC:k}
M05507.0	없음
M05508.0	{ESC:k}
M05509.0	작위
M05510.0	작위
M05511.0	{ESC:k}
M05512.0	필요관작번호
M05513.0	지휘
M05514.0	녹봉
M05515.0	능력
M05516.0	상승
M05517.0	설명
M05518.0	무장
M05519.0	통솔
M05520.0	무력
M05521.0	지력
M05522.0	정치
M05523.0	충성상승
M05524.0	대상
M05525.0	세력
M05526.0	병사
M05527.0	부상병
M05528.0	상태
M05529.0	사기
M05530.0	군단
M05531.0	대장
M05532.0	현역
M05533.0	포로
M05534.0	부대
M05535.0	부대
M05536.0	부대
M05537.0	병사
M05538.0	부상병
M05539.0	합계병사
M05540.0	상태
M05541.0	상태카운터
M05542.0	책략카운터
M05543.0	사기
M05544.0	명령
M05545.0	명령
M05546.0	목표X좌표
M05547.0	목표Y좌표
M05548.0	목표 맵 오브젝트 번호
M05549.0	목표
M05550.0	소속
M05551.0	소속
M05552.0	소재
M05553.0	지형
M05554.0	현역
M05555.0	포로
M05556.0	군단
M05557.0	세력
M05558.0	세력
M05559.0	군단
M05560.0	대장
M05561.0	대장
M05562.0	전투력
M05563.0	대장통솔
M05564.0	최고지력
M05565.0	병과
M05566.0	배
M05567.0	진형
M05568.0	적접근시
M05569.0	자주퇴각
M05570.0	추격
M05571.0	사후명령
M05572.0	방침
M05573.0	작위
M05574.0	지휘
M05575.0	도착
M05576.0	색세력
M05577.0	색군단
M05578.0	색시설
M05579.0	색대장
M05580.0	조영
M05581.0	성채
M05582.0	석병
M05583.0	{ESC:k}
M05584.0	부대
M05585.0	대부대
M05586.0	대수병
M05587.0	대성벽
M05588.0	수비
M05589.0	기동
M05590.0	대부대
M05591.0	대수병
M05592.0	대성벽
M05593.0	수비
M05594.0	기동
M05595.0	명령변경
M05596.0	부대
M05597.0	목표2
M05598.0	교전1
M05599.0	교전2
M05600.0	행군중
M05601.0	조언
M05602.0	퇴각
M05603.0	미접근
M05604.0	출진
M05605.0	공적
M05606.0	위
M05607.0	{ESC:k}
M05608.0	촉
M05609.0	{ESC:k}
M05610.0	오
M05611.0	{ESC:k}
M05612.0	성
M05613.0	{ESC:k}
M05614.0	왜
M05615.0	{ESC:k}
M05616.0	오환
M05617.0	{ESC:k}
M05618.0	강
M05619.0	{ESC:k}
M05620.0	산월
M05621.0	{ESC:k}
M05622.0	남만
M05623.0	{ESC:k}
M05624.0	황건
M05625.0	{ESC:k}
M05626.0	연
M05627.0	{ESC:k}
M05628.0	조
M05629.0	{ESC:k}
M05630.0	제
M05631.0	{ESC:k}
M05632.0	송
M05633.0	{ESC:k}
M05634.0	초
M05635.0	{ESC:k}
M05636.0	양
M05637.0	{ESC:k}
M05638.0	월
M05639.0	{ESC:k}
M05640.0	진
M05641.0	{ESC:k}
M05642.0	한
M05643.0	{ESC:k}
M05644.0	진
M05645.0	{ESC:k}
M05646.0	국호번호
M05647.0	국호
M05648.0	{ESC:k}
M05649.0	혈연번호
M05650.0	주1번호
M05651.0	주2번호
M05652.0	설명
M05653.0	세력
M05654.0	어린
M05655.0	{ESC:k}
M05656.0	보병계 병법이 유리한 속공용 진형입니다
M05657.0	학익
M05658.0	{ESC:k}
M05659.0	보병계 병법과 적장 포획을 노리는 요격용 진형입니다
M05660.0	추행
M05661.0	{ESC:k}
M05662.0	기동력이 뛰어나 여러 상황에 쓸 수 있는 진형입니다
M05663.0	봉시
M05664.0	{ESC:k}
M05665.0	기병계 병법과 일기토를 노리는 초공격형 진형입니다
M05666.0	안행
M05667.0	{ESC:k}
M05668.0	노병계 병법이 유리한 공성전용 진형입니다
M05669.0	기형
M05670.0	{ESC:k}
M05671.0	저격으로 대장의 통솔 저하를 노리는 공성전용 진형입니다
M05672.0	장사
M05673.0	{ESC:k}
M05674.0	최고의 기동력을 자랑하는 이동・기습용 진형입니다
M05675.0	방원
M05676.0	{ESC:k}
M05677.0	병사 손실을 막는, 수비와 장기전에 알맞은 진형입니다
M05678.0	정란
M05679.0	{ESC:k}
M05680.0	수비병 상대로 위력을 떨치는 공성전용 진형입니다
M05681.0	충차
M05682.0	{ESC:k}
M05683.0	최고의 성벽 파괴력을 자랑하는 공성전용 진형입니다
M05684.0	투석
M05685.0	{ESC:k}
M05686.0	강력하고 사정이 긴 투석 공격을 하는 공성전용 진형입니다
M05687.0	상병
M05688.0	{ESC:k}
M05689.0	부대 상대로도 위력을 떨치는 공성전용 진형입니다
M05690.0	정진
M05691.0	{ESC:k}
M05692.0	공격 외에 쓰는 진형입니다
M05693.0	건설
M05694.0	{ESC:k}
M05695.0	건설 전용 진형입니다
M05696.0	수송
M05697.0	{ESC:k}
M05698.0	수송 전용 진형입니다
M05699.0	왜
M05700.0	{ESC:k}
M05701.0	왜군 전용 진형입니다
M05702.0	오환
M05703.0	{ESC:k}
M05704.0	오환군 전용 진형입니다
M05705.0	강
M05706.0	{ESC:k}
M05707.0	강군 전용 진형입니다
M05708.0	산월
M05709.0	{ESC:k}
M05710.0	산월군 전용 진형입니다
M05711.0	남만
M05712.0	{ESC:k}
M05713.0	남만군 전용 진형입니다
M05714.0	주가
M05715.0	{ESC:k}
M05716.0	기동력이 뛰어난 배입니다
M05717.0	몽충
M05718.0	{ESC:k}
M05719.0	직접 공격에 뛰어난 공격적인 배입니다
M05720.0	누선
M05721.0	{ESC:k}
M05722.0	간접 공격에 뛰어난 대형선입니다
M05723.0	투함
M05724.0	{ESC:k}
M05725.0	균형 잡힌 최강의 대형선입니다
M05726.0	정선
M05727.0	{ESC:k}
M05728.0	공격 외에 쓰는 수군 진형입니다
M05729.0	수선
M05730.0	{ESC:k}
M05731.0	수송 전용 수군 진형입니다
M05732.0	이선
M05733.0	{ESC:k}
M05734.0	이민족의 수군 진형입니다
M05735.0	무진
M05736.0	{ESC:k}
M05737.0	무너진 진형. 공격에 약해집니다
M05738.0	진형
M05739.0	진형
M05740.0	{ESC:k}
M05741.0	대부대
M05742.0	대수병
M05743.0	대성벽
M05744.0	수비
M05745.0	기동
M05746.0	배치1
M05747.0	배치2
M05748.0	배치3
M05749.0	배치4
M05750.0	배치5
M05751.0	시야반경
M05752.0	시야각도
M05753.0	비용
M05754.0	효과
M05755.0	설명
M05756.0	효과
M05757.0	배
M05758.0	병법
M05759.0	낙랑・동
M05760.0	낙랑・서
M05761.0	환도・동
M05762.0	환도・남동
M05763.0	환도・중앙
M05764.0	환도・남서
M05765.0	환도・서
M05766.0	창려・동
M05767.0	창려・서
M05768.0	창려・남
M05769.0	유성
M05770.0	역경
M05771.0	어양・남동
M05772.0	어양・중앙
M05773.0	어양・북서
M05774.0	대현・북
M05775.0	대현・남
M05776.0	탁현・동
M05777.0	탁현・서
M05778.0	탁현・남
M05779.0	탁현・남
M05780.0	하간・북
M05781.0	하간・북
M05782.0	하간・남
M05783.0	하간・서
M05784.0	계교・동
M05785.0	계교・동
M05786.0	계교・서
M05787.0	계교・서
M05788.0	청하・동
M05789.0	청하・서
M05790.0	돈구・동
M05791.0	돈구・중앙
M05792.0	돈구・중앙
M05793.0	돈구・서
M05794.0	거록・북
M05795.0	거록・북
M05796.0	거록・남
M05797.0	상산・북
M05798.0	상산・북
M05799.0	상산・남
M05800.0	안문・북
M05801.0	안문・북
M05802.0	안문・남
M05803.0	안문・남
M05804.0	안문・북서
M05805.0	태원・북
M05806.0	태원・남
M05807.0	양원
M05808.0	서하・북
M05809.0	서하・남
M05810.0	장자・북
M05811.0	장자・서
M05812.0	즉묵
M05813.0	동평
M05814.0	태산・서
M05815.0	태산・남
M05816.0	정도
M05817.0	임성・동
M05818.0	임성・서
M05819.0	낭야・중앙
M05820.0	낭야・남동
M05821.0	회음・북
M05822.0	회음・북
M05823.0	회음・남
M05824.0	팽성・북동
M05825.0	팽성・북동
M05826.0	팽성・북서
M05827.0	팽성・중앙
M05828.0	팽성・남
M05829.0	팽성・남
M05830.0	중모・동
M05831.0	중모・서
M05832.0	중모・서
M05833.0	영천・동
M05834.0	영천・서
M05835.0	초현・서
M05836.0	초현・중앙
M05837.0	초현・동
M05838.0	송현
M05839.0	송현
M05840.0	양안
M05841.0	조가
M05842.0	조가
M05843.0	홍농・동
M05844.0	홍농・서
M05845.0	하남・동
M05846.0	하남・동
M05847.0	하남・서
M05848.0	임진
M05849.0	상현
M05850.0	미・북
M05851.0	미・북
M05852.0	미・남
M05853.0	미・남
M05854.0	자오곡
M05855.0	자오곡
M05856.0	진창
M05857.0	진창
M05858.0	오장원
M05859.0	가정
M05860.0	단곡
M05861.0	농서・동
M05862.0	농서・동
M05863.0	농서・서
M05864.0	적도・동
M05865.0	적도・서
M05866.0	금성・서
M05867.0	금성・중앙
M05868.0	금성・동
M05869.0	영거・북
M05870.0	영거・중앙
M05871.0	영거・남
M05872.0	영거・동
M05873.0	장액
M05874.0	장액
M05875.0	주천
M05876.0	합비
M05877.0	석정・북
M05878.0	석정・남
M05879.0	석정・남
M05880.0	석정・동
M05881.0	단양・북동
M05882.0	단양・남동
M05883.0	단양・서
M05884.0	시신・북동
M05885.0	시신・북
M05886.0	시신・남
M05887.0	시신・서
M05888.0	건안・동
M05889.0	건안・남동
M05890.0	건안・중앙
M05891.0	건안・북
M05892.0	건안・남
M05893.0	건안・북서
M05894.0	무창・북
M05895.0	무창・남
M05896.0	남창・동
M05897.0	남창・서
M05898.0	남창・남서
M05899.0	고창・북
M05900.0	고창・북서
M05901.0	고창・동
M05902.0	고창・남동
M05903.0	고창・남
M05904.0	고창・서
M05905.0	양현・북
M05906.0	양현・서
M05907.0	양현・동
M05908.0	박망・북서
M05909.0	박망・북서
M05910.0	박망・동
M05911.0	박망・중앙
M05912.0	박망・서
M05913.0	박망・남
M05914.0	신성・북
M05915.0	신성・중앙
M05916.0	신성・남동
M05917.0	맥성・북서
M05918.0	맥성・북동
M05919.0	맥성・서
M05920.0	맥성・남
M05921.0	화용・서
M05922.0	화용・동
M05923.0	화용・중앙
M05924.0	화용・남
M05925.0	의도・북
M05926.0	의도・남동
M05927.0	의도・남
M05928.0	의도・남
M05929.0	이릉・북동
M05930.0	이릉・남동
M05931.0	이릉・중앙
M05932.0	이릉・남
M05933.0	이릉・서
M05934.0	안륙・동
M05935.0	안륙・서
M05936.0	멱라
M05937.0	형양・북
M05938.0	형양・중앙
M05939.0	형양・남
M05940.0	위흥
M05941.0	정군산・북
M05942.0	정군산・남
M05943.0	정군산・남
M05944.0	무도・북
M05945.0	무도・남
M05946.0	답중
M05947.0	음평・서
M05948.0	음평・서
M05949.0	음평・남
M05950.0	백수・동
M05951.0	백수・동
M05952.0	백수・서
M05953.0	한수・동
M05954.0	한수・동
M05955.0	한수・서
M05956.0	파서・북
M05957.0	파서・남
M05958.0	파서・동
M05959.0	한창・북
M05960.0	한창・북
M05961.0	한창・남
M05962.0	강유・북
M05963.0	강유・북
M05964.0	강유・동
M05965.0	강유・서
M05966.0	광유・북동
M05967.0	광유・북동
M05968.0	광유・남서
M05969.0	광유・남서
M05970.0	면죽
M05971.0	면죽
M05972.0	도안・북
M05973.0	도안・동
M05974.0	도안・서
M05975.0	도안・서
M05976.0	아미・북
M05977.0	아미・동
M05978.0	아미・동
M05979.0	아미・서
M05980.0	광한・동
M05981.0	광한・동
M05982.0	광한・북
M05983.0	광한・남
M05984.0	임강・북
M05985.0	임강・북
M05986.0	임강・중앙
M05987.0	임강・남
M05988.0	강양・동
M05989.0	강양・남
M05990.0	강양・남
M05991.0	주제
M05992.0	저란・북
M05993.0	저란・북서
M05994.0	저란・북서
M05995.0	저란・남
M05996.0	완온・북
M05997.0	완온・북동
M05998.0	완온・중앙
M05999.0	완온・남
M06000.0	완온・서
M06001.0	태등・북
M06002.0	태등・북
M06003.0	태등・남동
M06004.0	태등・남동
M06005.0	태등・남서
M06006.0	영창・동
M06007.0	영창・동
M06008.0	영창・북
M06009.0	남해・북동
M06010.0	남해・동
M06011.0	남해・중앙
M06012.0	남해・서
M06013.0	남해・남서
M06014.0	창오・동
M06015.0	창오・중앙
M06016.0	창오・서
M06017.0	창오・남서
M06018.0	합포・남동
M06019.0	합포・남
M06020.0	합포・북
M06021.0	합포・북
M06022.0	조서산・동
M06023.0	조서산・서
M06024.0	남성・북
M06025.0	남성・서
M06026.0	남성・남
M06027.0	건설
M06028.0	건설
M06029.0	{ESC:k}
M06030.0	도착
M08410.0	봄・소세력
M08411.0	여름・소세력
M08412.0	가을・소세력
M08413.0	겨울・소세력
M08414.0	봄・대세력
M08415.0	여름・대세력
M08416.0	가을・대세력
M08417.0	겨울・대세력
M08418.0	교전・소세력
M08419.0	교전・대세력
M08420.0	진군・소세력
M08421.0	진군・대세력
M08422.0	내정
M08423.0	모략
M08424.0	사건
M08425.0	우정
M08426.0	영전
M08427.0	외교
M08784.0	허리에 차는 향약 주머니
M08800.52	운치 있는 보물
M08800.53	가치가 낮은 보물
M08800.54	진귀한 보물
M08800.59	진귀한 장식품
M08800.60	진귀한 물건
M08801.0	연주・기주를 중심으로 한 나라
M08802.0	익주 남부를 중심으로 한 나라
M08803.0	양주 동부를 중심으로 한 나라
M08804.0	원술이 세운 나라
M08805.0	동해의 섬나라
M08806.0	유주 북부에 할거한 이민족
M08807.0	옹주・양주에 할거한 이민족
M08808.0	양주 남부에 할거한 이민족
M08809.0	익주 남부에 할거한 이민족
M08810.0	장각이 결성한 반란군
M08811.0	유주를 중심으로 한 나라
M08812.0	병주・기주를 중심으로 한 나라
M08813.0	청주・서주를 중심으로 한 나라
M08814.0	예주・서주를 중심으로 한 나라
M08815.0	형주・양주를 중심으로 한 나라
M08816.0	양주(涼)를 중심으로 한 나라
M08817.0	양주 남부를 중심으로 한 나라
M08818.0	옹주를 중심으로 한 나라
M08819.0	사례를 중심으로 한 나라
M08820.0	중원 일대를 중심으로 한 나라
M08821.0	중국의 지배자. 시황제가 신설
M08822.0	군주의 칭호. 황제보다 한 등급 아래
M08823.0	주나라가 제후에게 준 작위의 첫째
M08824.0	군사의 최고직. 삼공의 위
M08825.0	반역자 토벌의 장군. 삼공의 위
M08826.0	광록훈에 속한 고급 근위무관
M08827.0	주의 감찰을 맡는다. 구경의 아래
M08828.0	주의 군정을 맡는다. 구경의 아래
M08830.0	황제를 보좌하는 집정관의 최고위
M08831.0	토목 사업을 맡는 장관. 삼공
M08832.0	군사 전반을 맡는 장관. 삼공
M08833.0	민정 전반을 맡는 장관. 삼공
M08834.0	군의 비상직. 재량권을 지닌다
M08835.0	무관의 최고위. 삼공 다음
M08836.0	무관의 최고위. 삼공 다음
M08837.0	무관의 최고위. 삼공 다음
M08838.0	천자의 숙위를 맡는 장관. 구경
M08839.0	국가의 재정을 맡는 장관. 구경
M08840.0	궁전 경비를 맡는 장관. 구경
M08841.0	국가의 사법을 맡는 장관. 구경
M08842.0	청・연・서・양주를 통솔하는 장군
M08843.0	옹・양주를 통솔하는 장군
M08844.0	형・예주를 통솔하는 장군
M08845.0	유・기・병주를 통솔하는 장군
M08846.0	문서를 맡는 장관. 구경과 동격
M08847.0	천자의 거마를 맡는 장관. 구경
M08848.0	종묘 제사를 맡는 장관. 구경
M08849.0	공신에게 주는 명예직
M08850.0	사정장군 다음의 장군직
M08851.0	사정장군 다음의 장군직
M08852.0	사정장군 다음의 장군직
M08853.0	사정장군 다음의 장군직
M08854.0	조칙과 정령을 맡는 장관
M08855.0	관리의 감찰・탄핵을 맡는 장관
M08856.0	수도의 치안을 맡는 장관. 구경
M08857.0	궁중의 의식을 맡는 장관. 구경
M08858.0	사진장군 다음의 장군직
M08859.0	사진장군 다음의 장군직
M08860.0	사진장군 다음의 장군직
M08861.0	사진장군 다음의 장군직
M08862.0	궁중의 도서를 맡는 장관
M08863.0	천자의 하문에 대비하는 측근
M08864.0	승상 출정 때 본거를 지킨다
M08865.0	오경을 관리 자제에게 가르친다
M08866.0	사안장군 다음의 장군직
M08867.0	사안장군 다음의 장군직
M08868.0	사안장군 다음의 장군직
M08869.0	사안장군 다음의 장군직
M08870.0	고관 임명과 백관 서열을 맡는다
M08871.0	군을 맡아 여러 군의 치안을 담당
M08872.0	시중 아래에서 상서의 상주를 처리
M08873.0	역사서 편찬을 맡는다
M08874.0	잡호장군의 하나
M08875.0	잡호장군의 하나
M08876.0	잡호장군의 하나. 손견이 취임
M08877.0	잡호장군의 하나. 손책이 취임
M08878.0	조정이 반포하는 문서를 기초한다
M08879.0	각 부에 속해 모의에 참여한다
M08880.0	각 부에 속해 관리를 통솔한다
M08881.0	각 부에 속해 병사를 관리한다
M08882.0	잡호장군의 하나
M08883.0	잡호장군의 하나
M08884.0	잡호장군의 하나
M08885.0	잡호장군의 하나
M08886.0	제사 때 잔치의 음악을 맡는다
M08887.0	지방에서 오는 곡물을 받는다
M08888.0	집금오에 속해 무기를 정비한다
M08889.0	위위에 속해 위사를 통솔한다
M08890.0	잡호장군의 하나
M08891.0	장군 출정 때 두는 비상직
M08892.0	잡호장군의 하나
M08893.0	잡호장군의 하나
M08894.0	각 부에 속해 서무를 도맡는다
M08895.0	천자의 자문에 응대한다
M08896.0	궁전의 문을 숙위한다
M08897.0	궁전의 문을 숙위한다
M08898.0	장군 다음가는 무관직의 하나
M08899.0	장군 다음가는 무관직의 하나
M09902.0	위임
M09905.0	위임내용
M09907.0	위임방침
M09909.0	군사
M09911.0	수여
M09913.0	몰수
M09915.0	작위
M09918.0	처단
M09920.0	추방
M09922.0	징병
M09925.0	이동
M09927.0	탐색
M09929.0	등용
M09931.0	위보
M09934.0	유언
M09937.0	요청
M09940.0	반환
M09943.0	수치입력
M09945.0	포로처우
M09948.0	사관
M09950.0	시나리오선택
M09952.0	세력선택
M09954.0	신세력작성
M09956.0	환경설정
M09959.0	로드
M09961.0	신무장등록
M09964.0	무장작성
M09968.0	동영상 감상
M09970.0	ＢＧＭ 감상
M09972.0	목록1
M09973.0	상성
M09975.0	아이템
M09977.0	함정
M09979.0	일기토
M09981.0	일반
M09983.0	위임방침
M09985.0	돌덫
M09987.0	운제
M09989.0	부모
M09991.0	목록2
M09992.0	궤주
M09994.0	얼굴
M09996.0	환경
M09998.0	관계
M10000.0	관작
M10002.0	기사
M10004.0	귀인
M10006.0	기병
M10008.0	기병계 병법
M10010.0	강공
M10012.0	교사
M10014.0	강습
M10016.0	의리
M10018.0	금
M10020.0	금지출
M10022.0	군사
M10024.0	군주
M10026.0	군단
M10028.0	혈연무장
M10030.0	험악
M10032.0	건강
M10034.0	원융
M10036.0	환술
M10038.0	호의
M10040.0	효과음
M10042.0	공작물
M10044.0	교전
M10046.0	대담
M10048.0	국호
M10050.0	근위
M10052.0	고무
M10054.0	혼란
M10056.0	목록3
M10057.0	최대내구
M10058.0	재야
M10060.0	책
M10062.0	사관
M10064.0	사기
M10066.0	사후명령
M10068.0	사자
M10070.0	시설
M10072.0	시설공략
M10074.0	시나리오
M10076.0	사망
M10078.0	작위
M10080.0	사대
M10082.0	주
M10084.0	수익
M10086.0	수확
M10088.0	숙련
M10090.0	수비중시
M10092.0	성채
M10094.0	충차
M10096.0	상태
M10098.0	상인
M10100.0	소재
M10102.0	소속
M10104.0	진
M10106.0	배반
M10108.0	인구
M10110.0	신세력
M10112.0	신중
M10114.0	신망
M10116.0	친밀
M10118.0	신뢰
M10120.0	성격
M10122.0	정치
M10124.0	제사
M10126.0	생년
M10128.0	성별
M10130.0	성・명・자
M10132.0	정란
M10134.0	세력
M10136.0	세력타도
M10138.0	관
M10140.0	석병
M10142.0	조영
M10144.0	주가
M10146.0	주사
M10148.0	상병
M10150.0	저격
M10152.0	목록4
M10153.0	내구
M10155.0	대상
M10157.0	대장
M10159.0	담당
M10161.0	충성
M10163.0	중립
M10165.0	저돌
M10167.0	치료
M10169.0	지력
M10171.0	일반
M10173.0	정찰
M10175.0	철기
M10177.0	투함
M10179.0	등갑
M10181.0	동서
M10182.0	화면에서는 동쪽이 오른쪽 아래, 서쪽이 왼쪽 위입니다
M10183.0	동토
M10185.0	등장
M10187.0	투석
M10189.0	통솔
M10191.0	통솔병사
M10193.0	등록무장
M10195.0	도시
M10197.0	토사
M10199.0	돌격
M10201.0	돌진
M10203.0	도독
M10205.0	노병
M10207.0	노병계 병법
M10209.0	채
M10211.0	토루
M10213.0	목록5
M10214.0	난이도
M10216.0	남북
M10217.0	화면에서는 남쪽이 왼쪽 아래, 북쪽이 오른쪽 위입니다
M10218.0	나이
M10220.0	능력
M10222.0	목록6
M10223.0	배치
M10225.0	만병
M10229.0	병량
M10231.0	병량지출
M10233.0	불덫
M10235.0	무장 데이터
M10237.0	부상병
M10239.0	부대
M10241.0	무력
M10243.0	불화
M10245.0	분전
M10247.0	분투
M10249.0	병역인구
M10251.0	병사
M10253.0	병법
M10255.0	녹봉
M10257.0	보병
M10259.0	보병계 병법
M10261.0	포로
M10263.0	목록7
M10264.0	물덫
M10266.0	항
M10268.0	미발견
M10270.0	신분
M10272.0	메시지
M10274.0	몽충
M10276.0	목록8
M10277.0	난사
M10279.0	노
M10281.0	시우
M10283.0	야망
M10285.0	우호
M10287.0	궁기
M10289.0	요술
M10291.0	목록9
M10292.0	낙석
M10294.0	냉정
M10296.0	열전
M10298.0	연합
M10300.0	연사
M10302.0	누선
M10304.0	목록10
M10305.0	파괴
M10307.0	건설
M10310.0	순찰
M10312.0	상업
M10314.0	개간
M10316.0	훈련
M10318.0	호출
M10320.0	교란
M10323.0	격려
M10326.0	구원
M10329.0	이간
M10332.0	화공
M10335.0	탈취
M10338.0	증정
M10341.0	권고
M10344.0	포상
M10346.0	증정・회답
M10348.0	요청・회답
M10351.0	요청・결단
M10353.0	반환・회답
M10356.0	반환・결단
M10358.0	권고・회답
M10360.0	방침결정
M10365.0	방침결정
M10367.0	초기 메뉴
M10371.0	최종 확인
M10373.0	방진
M10375.0	원진
M10377.0	구행
M10379.0	장사
M10381.0	추행
M10383.0	봉시
M10385.0	어린
M10387.0	학익
M10389.0	안행
M10391.0	기형
M10393.0	수비
M10395.0	무진
M10397.0	전열
M10399.0	중열
M10401.0	후열
M10403.0	매도
M10405.0	고양
M10407.0	승격
M10409.0	강등
M10411.0	도착예정
M10413.0	민심
M10415.0	적접근시
M10417.0	자주퇴각
M10419.0	추격
M10421.0	내정중시
M10423.0	술책계 병법
M10425.0	책략계 병법
M10427.0	수군계 병법
M10429.0	지식계 병법
M10431.0	공성계 병법
M10433.0	이벤트
M10435.0	공격력
M10436.0	미작성입니다
M10437.0	시야
M10439.0	수비
M10441.0	장애물
M10443.0	진형
M10445.0	특징
M10447.0	파괴력
M10448.0	미작성입니다
M10449.0	목록
M10451.0	튜토리얼
M10453.0	얼굴선택
M10455.0	보수
M10457.0	구입
M10459.0	매각
M10461.0	수송
M10463.0	출진시기
M10465.0	이민족
M10467.0	기동
M10469.0	대부대
M10471.0	대수병
M10473.0	대성벽
M10475.0	모략계 병법
M10477.0	배
M10479.0	연쇄
M10481.0	증가병역
M10483.0	후한황제
M10485.0	분신
M10487.0	돌파
M10489.0	비사
M10491.0	연노
M10493.0	방원
M10495.0	금수입
M10497.0	병량수입
M10499.0	현역
M10501.0	특성
M10503.0	진행보고
M10505.0	궁기계 병법
M10507.0	지휘
M10509.0	포진
M10511.0	습득
M10513.0	덫
M10515.0	적대
M10517.0	방침결정
M10519.0	세이브
M10521.0	중지도
M10523.0	세력정보
M10525.0	군단정보
M10527.0	도시정보
M10529.0	지역정보
M10531.0	부대정보
M10533.0	무장정보
M10535.0	아이템정보
M10537.0	수행
M10539.0	예상금
M10541.0	예상병량
M10543.0	재야등용
M10545.0	항목1
M10546.0	항목2
M10547.0	항목3
M10548.0	항목4
M10549.0	항목5
M10550.0	항목6
M10551.0	항목7
M10552.0	항목8
M10553.0	항목9
M10554.0	항목10
M10555.0	항목11
M10556.0	항목12
M10557.0	항목13
M10558.0	항목14
M10559.0	항목15
M10560.0	항목16
M10561.0	항목17
M10562.0	항목18
M10563.0	항목19
M10564.0	항목20
M10565.0	항목21
M10566.0	항목22
M10567.0	항목23
M10568.0	항목24
M10569.0	항목25
M10570.0	항목26
M10571.0	항목27
M10572.0	항목28
M10573.0	항목29
M10574.0	항목30
M10575.0	항목31
M10576.0	항목32
M10577.0	항목33
M10578.0	항목34
M10579.0	항목35
M10580.0	항목36
M10581.0	포진화면
M10583.0	배치
M10585.0	내정선택
M10586.0	신세력변경
M10588.0	세력지도선택
M10590.0	도시지도선택
M10592.0	챌린지 시나리오
M10594.0	클리어 조건
M10596.0	갤러리 메뉴
M10598.0	아이템 컬렉션
M10600.0	아이템 열람
M10602.0	아이템정보
M10604.0	호부정보
M10608.0	생년설정
M10610.0	내면설정
M10612.0	관계설정
M10614.0	능력설정
M10616.0	병법설정
M10618.0	이름입력
M10620.0	육성P
M10622.0	경험
M10624.0	최대능력
M10626.0	호부
M10628.0	획득육성P
M10630.0	군사(명령)
M10631.0	작위(명령)
M10632.0	육성
M10634.0	능력상승
M10636.0	병법설정
M10638.0	새 작위 임명
M10640.0	시나리오 개요
M10644.0	시설정보
M10646.0	점프 목록
M10648.0	사운드 설정
M10650.0	챌린지 모드 선택
M10652.0	스토리 선택
M10655.0	스토리 개요
M10657.0	스테이지 선택
M10659.0	스테이지 개요
M10661.0	클리어 조건
M10663.0	고급 설정
M10667.0	적 전력 설정
M10671.0	무장편집
M10674.0	개인설정
M10676.0	병법설정
M10679.0	무장편집
M10682.0	능력설정
M10684.0	개인설정
M10686.0	성격설정
M10688.0	병법설정
M10690.0	군단편집
M10692.0	도시편집
M10696.0	병법설정
M10698.0	특성설정
M10700.0	시설편집
M10702.0	장애물편집
M10704.0	지도내용
M10706.0	초기 메뉴
M10712.0	등록 메뉴
M10714.0	신아이템 등록
M10716.0	아이템작성
M10720.0	이름입력
M10722.0	CG선택
M10724.0	종류선택
M10726.0	능력설정
M10728.0	병법설정
M10730.0	충성설정
M10732.0	부대정보
M10734.0	규칙설정
M10736.0	수명
M10738.0	특기
M10740.0	일반인구
M10741.0	병사로 삼을 수 없는 인구입니다.
M10742.0	지도무장
M10744.0	지도방침
M10746.0	엄격
M10748.0	견실
M10750.0	친절
M10752.0	세력통합
M10754.0	병사발탁
M10756.0	스토리
M10758.0	스테이지
M10760.0	클리어 조건
M10762.0	시간 초과
M10764.0	중계점
M10766.0	전사
M10768.0	등록 아이템
M10770.0	종류
M10772.0	소재(아이템)
M10774.0	도시병법
M10802.0	「연환계」는 실패로 끝났습니다
M11188.0	신망
M11190.0	알겠소!
M11191.0	③구입과 매각
M11244.0	작위
M11301.0	육성편
M11302.0	①육성 요령
M11303.0	경험과 호부
M11308.0	공략 요령
M11309.0	　경험이란?
M11310.0	　호부란?
M11311.0	①순찰 요령
M11312.0	　내정의 기본
M11313.0	②상업과 개간
M11314.0	　인구와 수입
M11315.0	　시세란?
M11316.0	④징병과 훈련
M11317.0	　사기란?
M11318.0	　내구란?
M11319.0	　도착예정?
M11320.0	　끈질기게!
M11321.0	①자, 출진!
M11322.0	　선전포고?
M11323.0	②무장 선택
M11324.0	선택 요령
M11325.0	③병법 선택
M11326.0	　연쇄란?
M11327.0	④진형 선택
M11328.0	　효과란?
M11329.0	⑤명령변경　
M12882.0	197년1월～198년12월
M12886.0	202년5월～204년4월
M12890.0	208년9월～210년8월
M12894.0	225년7월～227년6월
M12897.0	279년11월～280년10월
M12901.0	190년1월～191년12월
M12904.0	200년5월～203년4월
M12908.0	234년9월～235년8월
M12912.0	249년2월～251년1월
M12916.0	281년1월～349년12월
M14402.0	193년7월～193년12월
M14404.0	194년4월～194년9월
M14406.0	194년4월～194년9월
M14410.0	198년10월～199년3월
M14412.0	197년5월～197년10월
M14414.0	200년9월～201년5월
M14416.0	200년9월～201년5월
M14418.0	200년1월～200년9월
M14420.0	208년10월～209년3월
M14423.0	209년5월～209년10월
M14426.0	209년4월～209년9월
M14428.0	214년5월～214년10월
M14430.0	219년7월～219년12월
M14432.0	220년1월～220년9월
M14434.0	221년5월～222년1월
M14436.0	222년1월～222년9월
M14439.0	222년4월～222년9월
M14443.0	223년10월～224년3월
M14445.0	223년5월～223년10월
M14447.0	224년4월～224년9월
M14450.0	225년4월～225년9월
M14452.0	226년10월～227년6월
M14454.0	226년1월～226년9월
M14456.0	226년7월～227년3월
M14458.0	198년10월～199년3월
M14460.0	202년1월～202년6월
M14462.0	207년4월～207년9월
M14464.0	219년1월～219년9월
M14466.0	211년7월～211년12월
M14468.0	213년1월～213년6월
M14470.0	215년4월～215년9월
M14472.0	217년1월～217년9월
M14544.0	위
M14545.0	우
M14546.0	위
M14547.0	원
M14548.0	염
M14549.0	왕
M14550.0	하
M14551.0	화
M14552.0	가
M14553.0	하
M14554.0	곽
M14555.0	곽
M14556.0	학
M14557.0	감
M14558.0	관
M14559.0	간
M14560.0	관
M14561.0	한
M14562.0	안
M14563.0	기
M14564.0	위
M14565.0	우
M14566.0	허
M14567.0	교
M14568.0	강
M14569.0	공
M14570.0	우
M14571.0	엄
M14572.0	호
M14573.0	고
M14574.0	오
M14575.0	오
M14576.0	황
M14577.0	후
M14578.0	공
M14579.0	고
M14580.0	최
M14581.0	채
M14582.0	시
M14583.0	사
M14584.0	차
M14585.0	주
M14586.0	주
M14587.0	주
M14588.0	서
M14589.0	향
M14590.0	초
M14591.0	장
M14592.0	소
M14593.0	진
M14594.0	심
M14595.0	추
M14596.0	석
M14597.0	설
M14598.0	전
M14599.0	소
M14600.0	송
M14601.0	조
M14602.0	손
M14603.0	대
M14604.0	담
M14605.0	장
M14606.0	조
M14607.0	진
M14608.0	정
M14609.0	정
M14610.0	정
M14611.0	전
M14612.0	전
M14613.0	두
M14614.0	당
M14615.0	당
M14616.0	동
M14617.0	도
M14618.0	등
M14619.0	마
M14620.0	배
M14621.0	번
M14622.0	반
M14623.0	만
M14624.0	비
M14625.0	무
M14626.0	풍
M14627.0	문
M14628.0	방
M14629.0	포
M14630.0	방
M14631.0	목
M14632.0	맹
M14633.0	모
M14634.0	유
M14635.0	양
M14636.0	옹
M14637.0	나
M14638.0	뇌
M14639.0	이
M14640.0	육
M14641.0	유
M14642.0	여
M14643.0	능
M14644.0	양
M14645.0	요
M14646.0	노
M14647.0	노
M14648.0	{ESC:k}
M14649.0	{ESC:k}
M14650.0	{ESC:k}
M14651.0	{ESC:k}
M14652.0	{ESC:k}
M14653.0	{ESC:k}
M14654.0	{ESC:k}
M14655.0	{ESC:k}
M14656.0	{ESC:k}
M14657.0	{ESC:k}
M14658.0	{ESC:k}
M14659.0	{ESC:k}
M14660.0	{ESC:k}
M14661.0	{ESC:k}
M14662.0	{ESC:k}
M14663.0	{ESC:k}
M14664.0	{ESC:k}
M14665.0	{ESC:k}
M14666.0	{ESC:k}
M14667.0	{ESC:k}
M14668.0	{ESC:k}
M14669.0	{ESC:k}
M14670.0	{ESC:k}
M14671.0	{ESC:k}
M14672.0	{ESC:k}
M14673.0	{ESC:k}
M14674.0	{ESC:k}
M14675.0	{ESC:k}
M14676.0	{ESC:k}
M14677.0	{ESC:k}
M14678.0	{ESC:k}
M14679.0	{ESC:k}
M14680.0	{ESC:k}
M14681.0	{ESC:k}
M14682.0	{ESC:k}
M14683.0	{ESC:k}
M14684.0	{ESC:k}
M14685.0	{ESC:k}
M14686.0	{ESC:k}
M14687.0	{ESC:k}
M14688.0	{ESC:k}
M14689.0	{ESC:k}
M14690.0	{ESC:k}
M14691.0	{ESC:k}
M14692.0	{ESC:k}
M14693.0	{ESC:k}
M14694.0	{ESC:k}
M14695.0	{ESC:k}
M14696.0	{ESC:k}
M14697.0	{ESC:k}
M14698.0	{ESC:k}
M14699.0	{ESC:k}
M14700.0	{ESC:k}
M14701.0	{ESC:k}
M14702.0	{ESC:k}
M14703.0	{ESC:k}
M14704.0	{ESC:k}
M14705.0	{ESC:k}
M14706.0	{ESC:k}
M14707.0	{ESC:k}
M14708.0	{ESC:k}
M14709.0	{ESC:k}
M14710.0	{ESC:k}
M14711.0	{ESC:k}
M14712.0	{ESC:k}
M14713.0	{ESC:k}
M14714.0	{ESC:k}
M14715.0	{ESC:k}
M14716.0	{ESC:k}
M14717.0	{ESC:k}
M14718.0	{ESC:k}
M14719.0	{ESC:k}
M14720.0	{ESC:k}
M14721.0	{ESC:k}
M14722.0	{ESC:k}
M14723.0	{ESC:k}
M14724.0	{ESC:k}
M14725.0	{ESC:k}
M14726.0	{ESC:k}
M14727.0	{ESC:k}
M14728.0	{ESC:k}
M14729.0	{ESC:k}
M14730.0	{ESC:k}
M14731.0	{ESC:k}
M14732.0	{ESC:k}
M14733.0	{ESC:k}
M14734.0	{ESC:k}
M14735.0	{ESC:k}
M14736.0	{ESC:k}
M14737.0	{ESC:k}
M14738.0	{ESC:k}
M14739.0	{ESC:k}
M14740.0	{ESC:k}
M14741.0	{ESC:k}
M14742.0	{ESC:k}
M14743.0	{ESC:k}
M14744.0	{ESC:k}
M14745.0	{ESC:k}
M14746.0	{ESC:k}
M14747.0	{ESC:k}
M14748.0	{ESC:k}
M14749.0	{ESC:k}
M14750.0	{ESC:k}
M14751.0	{ESC:k}
M14752.0	안
M14753.0	안
M14754.0	위
M14755.0	이
M14756.0	유
M14757.0	유
M14758.0	이
M14759.0	의
M14760.0	위
M14761.0	의
M14762.0	육
M14763.0	욱
M14764.0	욱
M14765.0	윤
M14766.0	윤
M14767.0	우
M14768.0	우
M14769.0	운
M14770.0	예
M14771.0	영
M14772.0	영
M14773.0	위
M14774.0	영
M14775.0	영
M14776.0	혁
M14777.0	역
M14778.0	열
M14779.0	월
M14780.0	연
M14781.0	염
M14782.0	연
M14783.0	연
M14784.0	연
M14785.0	언
M14786.0	완
M14787.0	염
M14788.0	응
M14789.0	횡
M14790.0	앙
M14791.0	은
M14792.0	온
M14793.0	화
M14794.0	화
M14795.0	가
M14796.0	화
M14797.0	하
M14798.0	회
M14799.0	회
M14800.0	회
M14801.0	해
M14802.0	개
M14803.0	해
M14804.0	개
M14805.0	개
M14806.0	애
M14807.0	개
M14808.0	개
M14809.0	각
M14810.0	핵
M14811.0	각
M14812.0	간
M14813.0	환
M14814.0	함
M14815.0	환
M14816.0	환
M14817.0	관
M14818.0	함
M14819.0	완
M14820.0	안
M14821.0	희
M14822.0	기
M14823.0	기
M14824.0	기
M14825.0	궤
M14826.0	기
M14827.0	희
M14828.0	규
M14829.0	기
M14830.0	기
M14831.0	의
M14832.0	의
M14833.0	의
M14834.0	희
M14835.0	의
M14836.0	휴
M14837.0	궁
M14838.0	구
M14839.0	거
M14840.0	거
M14841.0	향
M14842.0	협
M14843.0	광
M14844.0	교
M14845.0	공
M14846.0	교
M14847.0	업
M14848.0	욱
M14849.0	억
M14850.0	균
M14851.0	흔
M14852.0	흠
M14853.0	금
M14854.0	금
M14855.0	근
M14856.0	균
M14857.0	흠
M14858.0	흔
M14859.0	은
M14860.0	후
M14861.0	후
M14862.0	우
M14863.0	훈
M14864.0	훈
M14865.0	군
M14866.0	규
M14867.0	혜
M14868.0	경
M14869.0	경
M14870.0	경
M14871.0	경
M14872.0	궐
M14873.0	건
M14874.0	검
M14875.0	견
M14876.0	건
M14877.0	헌
M14878.0	권
M14879.0	겸
M14880.0	현
M14881.0	현
M14882.0	건
M14883.0	건
M14884.0	원
M14885.0	원
M14886.0	엄
M14887.0	현
M14888.0	언
M14889.0	엄
M14890.0	고
M14891.0	호
M14892.0	호
M14893.0	흥
M14894.0	광
M14895.0	강
M14896.0	홍
M14897.0	항
M14898.0	앙
M14899.0	황
M14900.0	홍
M14901.0	호
M14902.0	굉
M14903.0	강
M14904.0	공
M14905.0	항
M14906.0	광
M14907.0	호
M14908.0	합
M14909.0	곡
M14910.0	혼
M14911.0	혼
M14912.0	제
M14913.0	삭
M14914.0	책
M14915.0	색
M14916.0	찬
M14917.0	찬
M14918.0	찬
M14919.0	찬
M14920.0	사
M14921.0	지
M14922.0	지
M14923.0	지
M14924.0	자
M14925.0	사
M14926.0	자
M14927.0	축
M14928.0	질
M14929.0	즐
M14930.0	유
M14931.0	수
M14932.0	수
M14933.0	주
M14934.0	취
M14935.0	수
M14936.0	수
M14937.0	추
M14938.0	수
M14939.0	습
M14940.0	습
M14941.0	추
M14942.0	집
M14943.0	수
M14944.0	충
M14945.0	융
M14946.0	유
M14947.0	유
M14948.0	숙
M14949.0	숙
M14950.0	술
M14951.0	술
M14952.0	준
M14953.0	준
M14954.0	준
M14955.0	준
M14956.0	준
M14957.0	순
M14958.0	순
M14959.0	준
M14960.0	순
M14961.0	서
M14962.0	서
M14963.0	서
M14964.0	승
M14965.0	상
M14966.0	창
M14967.0	승
M14968.0	승
M14969.0	소
M14970.0	송
M14971.0	섭
M14972.0	상
M14973.0	장
M14974.0	소
M14975.0	상
M14976.0	상
M14977.0	소
M14978.0	창
M14979.0	장
M14980.0	상
M14981.0	소
M14982.0	승
M14983.0	식
M14984.0	식
M14985.0	식
M14986.0	직
M14987.0	속
M14988.0	신
M14989.0	진
M14990.0	진
M14991.0	진
M14992.0	침
M14993.0	진
M14994.0	심
M14995.0	인
M14996.0	임
M14997.0	수
M14998.0	수
M14999.0	유
M15000.0	숭
M15001.0	숭
M15002.0	성
M15003.0	성
M15004.0	정
M15005.0	정
M15006.0	성
M15007.0	정
M15008.0	제
M15009.0	정
M15010.0	정
M15011.0	정
M15012.0	적
M15013.0	적
M15014.0	절
M15015.0	선
M15016.0	전
M15017.0	선
M15018.0	섬
M15019.0	첨
M15020.0	천
M15021.0	연
M15022.0	선
M15023.0	조
M15024.0	종
M15025.0	증
M15026.0	쌍
M15027.0	창
M15028.0	상
M15029.0	조
M15030.0	종
M15031.0	종
M15032.0	칙
M15033.0	속
M15034.0	손
M15035.0	손
M15036.0	대
M15037.0	태
M15038.0	탁
M15039.0	택
M15040.0	달
M15041.0	감
M15042.0	단
M15043.0	단
M15044.0	탐
M15045.0	탄
M15046.0	담
M15047.0	치
M15048.0	충
M15049.0	충
M15050.0	중
M15051.0	중
M15052.0	충
M15053.0	주
M15054.0	주
M15055.0	조
M15056.0	저
M15057.0	총
M15058.0	조
M15059.0	초
M15060.0	조
M15061.0	창
M15062.0	직
M15063.0	침
M15064.0	통
M15065.0	정
M15066.0	제
M15067.0	정
M15068.0	철
M15069.0	전
M15070.0	전
M15071.0	도
M15072.0	도
M15073.0	도
M15074.0	등
M15075.0	당
M15076.0	통
M15077.0	도
M15078.0	등
M15079.0	도
M15080.0	동
M15081.0	동
M15082.0	덕
M15083.0	특
M15084.0	돈
M15085.0	녕
M15086.0	파
M15087.0	패
M15088.0	마
M15089.0	패
M15090.0	배
M15091.0	매
M15092.0	백
M15093.0	박
M15094.0	막
M15095.0	반
M15096.0	범
M15097.0	비
M15098.0	비
M15099.0	비
M15100.0	비
M15101.0	비
M15102.0	밀
M15103.0	표
M15104.0	표
M15105.0	평
M15106.0	빈
M15107.0	빈
M15108.0	민
M15109.0	포
M15110.0	보
M15111.0	부
M15112.0	부
M15113.0	무
M15114.0	복
M15115.0	밀
M15116.0	분
M15117.0	평
M15118.0	빙
M15119.0	피
M15120.0	포
M15121.0	보
M15122.0	보
M15123.0	봉
M15124.0	봉
M15125.0	보
M15126.0	방
M15127.0	포
M15128.0	포
M15129.0	방
M15130.0	망
M15131.0	무
M15132.0	모
M15133.0	모
M15134.0	풍
M15135.0	봉
M15136.0	본
M15137.0	번
M15138.0	만
M15139.0	만
M15140.0	무
M15141.0	몽
M15142.0	묵
M15143.0	문
M15144.0	유
M15145.0	웅
M15146.0	우
M15147.0	유
M15148.0	웅
M15149.0	융
M15150.0	유
M15151.0	예
M15152.0	예
M15153.0	여
M15154.0	양
M15155.0	요
M15156.0	엽
M15157.0	요
M15158.0	옹
M15159.0	요
M15160.0	익
M15161.0	익
M15162.0	익
M15163.0	람
M15164.0	란
M15165.0	략
M15166.0	륭
M15167.0	량
M15168.0	량
M15169.0	량
M15170.0	료
M15171.0	릉
M15172.0	릉
M15173.0	림
M15174.0	루
M15175.0	례
M15176.0	령
M15177.0	렬
M15178.0	로
M15179.0	랑
M15180.0	회
M15181.0	백경
M15182.0	영경
M15183.0	관문
M15184.0	창휘
M15185.0	전충
M15186.0	종화
M15187.0	진번
M15188.0	소명
M15189.0	경재
M15190.0	승은
M15191.0	도성
M15192.0	옥상
M15193.0	기미
M15194.0	원형
M15195.0	인귀
M15196.0	월영
M15197.0	육미
M15198.0	영
M15199.0	염
M15200.0	원원
M15201.0	완군
M15202.0	억여
M15203.0	아금
M15204.0	효함
M15205.0	옥령
M15206.0	계영
M15207.0	결
M15208.0	연
M15209.0	홍
M15210.0	자이
M15211.0	사민
M15212.0	수아
M15213.0	상화
M15214.0	여옥
M15215.0	여봉
M15216.0	천용
M15217.0	념자
M15218.0	매방
M15219.0	비
M15220.0	미
M15221.0	미랑
M15222.0	백지
M15223.0	벽방
M15224.0	요
M15225.0	리
M15226.0	려
M15227.0	{ESC:k}
M15228.0	{ESC:k}
M15229.0	{ESC:k}
M15230.0	{ESC:k}
M15231.0	{ESC:k}
M15232.0	{ESC:k}
M15233.0	{ESC:k}
M15234.0	{ESC:k}
M15235.0	{ESC:k}
M15236.0	{ESC:k}
M15237.0	{ESC:k}
M15238.0	{ESC:k}
M15239.0	{ESC:k}
M15240.0	{ESC:k}
M15241.0	{ESC:k}
M15242.0	{ESC:k}
M15243.0	{ESC:k}
M15244.0	{ESC:k}
M15245.0	{ESC:k}
M15246.0	{ESC:k}
M15247.0	{ESC:k}
M15248.0	{ESC:k}
M15249.0	{ESC:k}
M15250.0	{ESC:k}
M15251.0	{ESC:k}
M15252.0	{ESC:k}
M15253.0	{ESC:k}
M15254.0	{ESC:k}
M15255.0	{ESC:k}
M15256.0	{ESC:k}
M15257.0	{ESC:k}
M15258.0	{ESC:k}
M15259.0	{ESC:k}
M15260.0	{ESC:k}
M15261.0	{ESC:k}
M15262.0	{ESC:k}
M15263.0	{ESC:k}
M15264.0	{ESC:k}
M15265.0	{ESC:k}
M15266.0	{ESC:k}
M15267.0	{ESC:k}
M15268.0	{ESC:k}
M15269.0	{ESC:k}
M15270.0	{ESC:k}
M15271.0	{ESC:k}
M15272.0	{ESC:k}
M15273.0	{ESC:k}
M15274.0	{ESC:k}
M15275.0	{ESC:k}
M15276.0	{ESC:k}
M15277.0	{ESC:k}
M15278.0	{ESC:k}
M15279.0	{ESC:k}
M15280.0	{ESC:k}
M15281.0	{ESC:k}
M15282.0	{ESC:k}
M15283.0	{ESC:k}
M15284.0	{ESC:k}
M15285.0	{ESC:k}
M15286.0	{ESC:k}
M15287.0	{ESC:k}
M15288.0	{ESC:k}
M15289.0	{ESC:k}
M15290.0	{ESC:k}
M15291.0	{ESC:k}
M15292.0	{ESC:k}
M15293.0	{ESC:k}
M15294.0	{ESC:k}
M15295.0	{ESC:k}
M15296.0	{ESC:k}
M15297.0	{ESC:k}
M15298.0	{ESC:k}
M15299.0	{ESC:k}
M15300.0	{ESC:k}
M15301.0	{ESC:k}
M15302.0	{ESC:k}
M15303.0	{ESC:k}
M15304.0	{ESC:k}
M15305.0	{ESC:k}
M15306.0	{ESC:k}
M15307.0	{ESC:k}
M15308.0	{ESC:k}
M15309.0	{ESC:k}
M15310.0	{ESC:k}
M15311.0	{ESC:k}
M15312.0	{ESC:k}
M15313.0	{ESC:k}
M15314.0	{ESC:k}
M15315.0	{ESC:k}
M15316.0	{ESC:k}
M15317.0	{ESC:k}
M15318.0	{ESC:k}
M15319.0	{ESC:k}
M15320.0	{ESC:k}
M15321.0	{ESC:k}
M15322.0	{ESC:k}
M15323.0	{ESC:k}
M15324.0	{ESC:k}
M15325.0	{ESC:k}
M15326.0	{ESC:k}
M15327.0	{ESC:k}
M15328.0	{ESC:k}
M15329.0	{ESC:k}
M15330.0	{ESC:k}
M15331.0	{ESC:k}
M15332.0	{ESC:k}
M15333.0	{ESC:k}
M15334.0	{ESC:k}
M15335.0	{ESC:k}
M15336.0	{ESC:k}
M15337.0	{ESC:k}
M15338.0	{ESC:k}
M15339.0	{ESC:k}
M15340.0	{ESC:k}
M15341.0	{ESC:k}
M15342.0	{ESC:k}
M15343.0	{ESC:k}
M15344.0	{ESC:k}
M15345.0	{ESC:k}
M15346.0	{ESC:k}
M15347.0	{ESC:k}
M15348.0	{ESC:k}
M15349.0	{ESC:k}
M15350.0	{ESC:k}
M15351.0	{ESC:k}
M15352.0	{ESC:k}
M15353.0	{ESC:k}
M15354.0	{ESC:k}
M15355.0	{ESC:k}
M15356.0	{ESC:k}
M15357.0	{ESC:k}
M15358.0	{ESC:k}
M15359.0	{ESC:k}
M15360.0	{ESC:k}
M15361.0	{ESC:k}
M15362.0	{ESC:k}
M15363.0	{ESC:k}
M15364.0	{ESC:k}
M15365.0	{ESC:k}
M15366.0	{ESC:k}
M15367.0	{ESC:k}
M15368.0	{ESC:k}
M15369.0	{ESC:k}
M15370.0	{ESC:k}
M15371.0	{ESC:k}
M15372.0	{ESC:k}
M15373.0	{ESC:k}
M15374.0	{ESC:k}
M15375.0	{ESC:k}
M15376.0	{ESC:k}
M15377.0	{ESC:k}
M15378.0	{ESC:k}
M15379.0	{ESC:k}
M15380.0	{ESC:k}
M15381.0	{ESC:k}
M15382.0	{ESC:k}
M15383.0	{ESC:k}
M15384.0	{ESC:k}
M15385.0	{ESC:k}
M15386.0	{ESC:k}
M15387.0	{ESC:k}
M15388.0	{ESC:k}
M15389.0	{ESC:k}
M15390.0	{ESC:k}
M15391.0	{ESC:k}
M15392.0	{ESC:k}
M15393.0	{ESC:k}
M15394.0	{ESC:k}
M15395.0	{ESC:k}
M15396.0	{ESC:k}
M15397.0	{ESC:k}
M15398.0	{ESC:k}
M15399.0	{ESC:k}
M15400.0	{ESC:k}
M15401.0	{ESC:k}
M15402.0	{ESC:k}
M15403.0	{ESC:k}
M15404.0	{ESC:k}
M15405.0	{ESC:k}
M15406.0	{ESC:k}
M15407.0	{ESC:k}
M15408.0	{ESC:k}
M15409.0	{ESC:k}
M15410.0	{ESC:k}
M15411.0	{ESC:k}
M15412.0	{ESC:k}
M15413.0	{ESC:k}
M15414.0	{ESC:k}
M15415.0	{ESC:k}
M15416.0	{ESC:k}
M15417.0	{ESC:k}
M15418.0	{ESC:k}
M15419.0	{ESC:k}
M15420.0	{ESC:k}
M15421.0	{ESC:k}
M15422.0	{ESC:k}
M15423.0	{ESC:k}
M15424.0	{ESC:k}
M15425.0	{ESC:k}
M15426.0	{ESC:k}
M15427.0	{ESC:k}
M15428.0	{ESC:k}
M15429.0	{ESC:k}
M15430.0	{ESC:k}
M15431.0	{ESC:k}
M15432.0	{ESC:k}
M15433.0	{ESC:k}
M15434.0	{ESC:k}
M15435.0	{ESC:k}
M15436.0	{ESC:k}
M15437.0	{ESC:k}
M15438.0	{ESC:k}
M15439.0	{ESC:k}
M15440.0	{ESC:k}
M15441.0	{ESC:k}
M15442.0	{ESC:k}
M15443.0	{ESC:k}
M15444.0	{ESC:k}
M15445.0	{ESC:k}
M15446.0	{ESC:k}
M15447.0	{ESC:k}
M15448.0	{ESC:k}
M15449.0	{ESC:k}
M15450.0	{ESC:k}
M15451.0	{ESC:k}
M15452.0	{ESC:k}
M15453.0	{ESC:k}
M15454.0	{ESC:k}
M15455.0	{ESC:k}
M15456.0	{ESC:k}
M15457.0	{ESC:k}
M15458.0	{ESC:k}
M15459.0	{ESC:k}
M15460.0	{ESC:k}
M15461.0	{ESC:k}
M15462.0	{ESC:k}
M15463.0	{ESC:k}
M15464.0	{ESC:k}
M15465.0	{ESC:k}
M15466.0	{ESC:k}
M15467.0	{ESC:k}
M15468.0	{ESC:k}
M15469.0	{ESC:k}
M15470.0	{ESC:k}
M15471.0	{ESC:k}
M15472.0	{ESC:k}
M15473.0	{ESC:k}
M15474.0	{ESC:k}
M15475.0	{ESC:k}
M15476.0	{ESC:k}
M15477.0	{ESC:k}
M15478.0	{ESC:k}
M15479.0	{ESC:k}
M15480.0	{ESC:k}
M15481.0	{ESC:k}
M15482.0	{ESC:k}
M15483.0	{ESC:k}
M15484.0	{ESC:k}
M15485.0	{ESC:k}
M15486.0	{ESC:k}
M15487.0	{ESC:k}
M15488.0	{ESC:k}
M15489.0	{ESC:k}
M15490.0	{ESC:k}
M15491.0	{ESC:k}
M15492.0	{ESC:k}
M15493.0	{ESC:k}
M15494.0	{ESC:k}
M15495.0	{ESC:k}
M15496.0	{ESC:k}
M15497.0	{ESC:k}
M15498.0	{ESC:k}
M15499.0	{ESC:k}
M15500.0	{ESC:k}
M15501.0	{ESC:k}
M15502.0	{ESC:k}
M15503.0	{ESC:k}
M15504.0	{ESC:k}
M15505.0	{ESC:k}
M15506.0	{ESC:k}
M15507.0	{ESC:k}
M15508.0	{ESC:k}
M15509.0	{ESC:k}
M15510.0	{ESC:k}
M15511.0	{ESC:k}
M15512.0	{ESC:k}
M15513.0	{ESC:k}
M15514.0	{ESC:k}
M15515.0	{ESC:k}
M15516.0	{ESC:k}
M15517.0	{ESC:k}
M15518.0	{ESC:k}
M15519.0	{ESC:k}
M15520.0	{ESC:k}
M15521.0	{ESC:k}
M15522.0	{ESC:k}
M15523.0	{ESC:k}
M15524.0	{ESC:k}
M15525.0	{ESC:k}
M15526.0	{ESC:k}
M15527.0	{ESC:k}
M15528.0	{ESC:k}
M15529.0	{ESC:k}
M15530.0	{ESC:k}
M15531.0	{ESC:k}
M15532.0	{ESC:k}
M15533.0	{ESC:k}
M15534.0	{ESC:k}
M15535.0	{ESC:k}
M15536.0	{ESC:k}
M15537.0	{ESC:k}
M15538.0	{ESC:k}
M15539.0	{ESC:k}
M15540.0	{ESC:k}
M15541.0	{ESC:k}
M15542.0	{ESC:k}
M15543.0	{ESC:k}
M15544.0	{ESC:k}
M15545.0	{ESC:k}
M15546.0	{ESC:k}
M15547.0	{ESC:k}
M15548.0	{ESC:k}
M15549.0	{ESC:k}
M15550.0	{ESC:k}
M15551.0	{ESC:k}
M15552.0	{ESC:k}
M15553.0	{ESC:k}
M15554.0	{ESC:k}
M15555.0	{ESC:k}
M15556.0	{ESC:k}
M15557.0	{ESC:k}
M15558.0	{ESC:k}
M15559.0	{ESC:k}
M15560.0	{ESC:k}
M15561.0	{ESC:k}
M15562.0	{ESC:k}
M15563.0	{ESC:k}
M15564.0	{ESC:k}
M15565.0	{ESC:k}
M15566.0	{ESC:k}
M15567.0	{ESC:k}
M15568.0	{ESC:k}
M15569.0	{ESC:k}
M15570.0	{ESC:k}
M15571.0	{ESC:k}
M15572.0	{ESC:k}
M15573.0	{ESC:k}
M15574.0	{ESC:k}
M15575.0	{ESC:k}
M15576.0	{ESC:k}
M15577.0	{ESC:k}
M15578.0	{ESC:k}
M15579.0	{ESC:k}
M15580.0	{ESC:k}
M15581.0	{ESC:k}
M15582.0	{ESC:k}
M15583.0	{ESC:k}
M15584.0	{ESC:k}
M15585.0	{ESC:k}
M15586.0	{ESC:k}
M15587.0	{ESC:k}
M15588.0	{ESC:k}
M15589.0	{ESC:k}
M15590.0	{ESC:k}
M15591.0	{ESC:k}
M15592.0	{ESC:k}
M15593.0	{ESC:k}
M15594.0	{ESC:k}
M15595.0	{ESC:k}
M15596.0	{ESC:k}
M15597.0	{ESC:k}
M15598.0	{ESC:k}
M15599.0	{ESC:k}
M15600.0	{ESC:k}
M15601.0	{ESC:k}
M15602.0	{ESC:k}
M15603.0	{ESC:k}
M15604.0	{ESC:k}
M15605.0	{ESC:k}
M15606.0	{ESC:k}
M15607.0	{ESC:k}
M15608.0	{ESC:k}
M15609.0	{ESC:k}
M15610.0	{ESC:k}
M15611.0	{ESC:k}
M15612.0	{ESC:k}
M15613.0	{ESC:k}
M15614.0	{ESC:k}
M15615.0	{ESC:k}
M15616.0	{ESC:k}
M15617.0	{ESC:k}
M15618.0	{ESC:k}
M15619.0	{ESC:k}
M15620.0	{ESC:k}
M15621.0	{ESC:k}
M15622.0	{ESC:k}
M15623.0	{ESC:k}
M15624.0	{ESC:k}
M15625.0	{ESC:k}
M15626.0	{ESC:k}
M15627.0	{ESC:k}
M15628.0	{ESC:k}
M15629.0	{ESC:k}
M15630.0	{ESC:k}
M15631.0	{ESC:k}
M15632.0	{ESC:k}
M15633.0	{ESC:k}
M15634.0	{ESC:k}
M15635.0	{ESC:k}
M15636.0	{ESC:k}
M15637.0	{ESC:k}
M15638.0	{ESC:k}
M15639.0	{ESC:k}
M15640.0	{ESC:k}
M15641.0	{ESC:k}
M15642.0	{ESC:k}
M15643.0	{ESC:k}
M15644.0	{ESC:k}
M15645.0	{ESC:k}
M15646.0	{ESC:k}
M15647.0	{ESC:k}
M15648.0	{ESC:k}
M15649.0	{ESC:k}
M15650.0	{ESC:k}
M15651.0	{ESC:k}
M15652.0	{ESC:k}
M15653.0	{ESC:k}
M15654.0	{ESC:k}
M15655.0	{ESC:k}
M15656.0	{ESC:k}
M15657.0	{ESC:k}
M15658.0	{ESC:k}
M15659.0	{ESC:k}
M15660.0	{ESC:k}
M15661.0	{ESC:k}
M15662.0	{ESC:k}
M15663.0	{ESC:k}
M15664.0	{ESC:k}
M15665.0	{ESC:k}
M15666.0	{ESC:k}
M15667.0	{ESC:k}
M15668.0	{ESC:k}
M15669.0	{ESC:k}
M15670.0	{ESC:k}
M15671.0	{ESC:k}
M15672.0	{ESC:k}
M15673.0	{ESC:k}
M15674.0	{ESC:k}
M15675.0	{ESC:k}
M15676.0	{ESC:k}
M15677.0	{ESC:k}
M15678.0	{ESC:k}
M15679.0	{ESC:k}
M15680.0	{ESC:k}
M15681.0	{ESC:k}
M15682.0	{ESC:k}
M15683.0	{ESC:k}
M15684.0	{ESC:k}
M15685.0	{ESC:k}
M15686.0	{ESC:k}
M15687.0	{ESC:k}
M15688.0	{ESC:k}
M15689.0	{ESC:k}
M15690.0	{ESC:k}
M15691.0	{ESC:k}
M15692.0	{ESC:k}
M15693.0	{ESC:k}
M15694.0	{ESC:k}
M15695.0	{ESC:k}
M15696.0	{ESC:k}
M15697.0	{ESC:k}
M15698.0	{ESC:k}
M15699.0	{ESC:k}
M15700.0	{ESC:k}
M15701.0	{ESC:k}
