movie	card	start_s	end_s	ja	ko
EVENT00	0	1.27	7.00	董卓の暴政により、漢の命運は尽きようとしていた。	동탁의 폭정으로 한나라의 명운은 다하려 하고 있었다.
EVENT00	1	7.07	10.23	心ある臣は国を憂いたが、	뜻있는 신하들은 나라를 걱정했으나
EVENT00	2	10.30	15.87	天下無双の武人・呂布を擁する董卓には、手も足も出ない。	천하무쌍의 무인 여포를 거느린 동탁 앞에서는 어찌해 볼 도리가 없었다.
EVENT00	3	15.70	24.70	重臣中の重臣・王允でさえ、自らの非力を呪うしかなかった……。	중신 중의 중신인 왕윤조차 자신의 무력함을 한탄할 수밖에 없었다…….
EVENT00	4	22.23	28.73	だが、池にたたずむ養女・貂蝉を見た瞬間、	그러나 연못가에 서 있는 양녀 초선을 본 순간,
EVENT00	5	28.80	32.73	王允に1つの計が閃く。	왕윤의 머릿속에 한 가지 계책이 떠오른다.
EVENT00	6	32.80	39.63	秘策をうち明ける王允、曇りのない眼差しで微笑む貂蝉。	비책을 털어놓는 왕윤, 맑은 눈빛으로 미소 짓는 초선.
EVENT00	7	39.70	48.63	国の命運を賭けた戦いは、貂蝉という1人の女性に託された。	나라의 명운을 건 싸움은 초선이라는 한 여인에게 맡겨졌다.
EVENT01	0	2.23	10.40	王允は貂蝉を呂布に目合わせた。一目で恋に落ちる呂布。	왕윤은 초선을 여포와 만나게 했다. 한눈에 사랑에 빠지는 여포.
EVENT01	1	10.50	15.47	だが間もなく、貂蝉は董卓に連れ去られる。	그러나 얼마 뒤, 초선은 동탁에게 끌려간다.
EVENT01	2	15.20	22.17	貂蝉を奪われた呂布は激怒し、董卓との間に亀裂が走った。	초선을 빼앗긴 여포는 격노하고, 동탁과의 사이에 금이 갔다.
EVENT01	3	22.23	28.37	王允が呂布に秘策を持ちかけたのは、そんな時だった。	왕윤이 여포에게 비책을 꺼낸 것은 바로 그때였다.
EVENT01	4	30.67	37.20	王允は禅譲を口実に、董卓を宮殿へ招く。	왕윤은 선양을 구실로 동탁을 궁전으로 불러들인다.
EVENT01	5	37.27	44.13	意気揚々と参内する董卓。その前に立ちふさがる呂布。	의기양양하게 입궐하는 동탁. 그 앞을 가로막는 여포.
EVENT01	6	48.30	55.00	国を陥れた怪物は、たった1人の女性によって倒れた。	나라를 위태롭게 한 괴물은 단 한 여인에 의해 쓰러졌다.
EVENT01	7	55.07	59.70	世に言う「連環の計」である。	이것이 이른바 「연환계」다.
EVENT02	0	1.37	7.07	漢の再興を志す劉備は、雌伏の時を余儀なくされていた。	한실 부흥을 꿈꾸는 유비는 뜻을 펴지 못한 채 때를 기다려야 했다.
EVENT02	1	7.13	13.20	その陣容に、天下の秘策を巡らす「軍師」を欠いていたのである。	그의 진영에는 천하를 도모할 계책을 세울 「군사」가 없었던 것이다.
EVENT02	2	13.27	19.10	ある日、劉備は隆中に住む「伏竜」の噂を聞く。	어느 날, 유비는 융중에 사는 「복룡」의 소문을 듣는다.
EVENT02	3	19.17	23.30	名は諸葛亮、字は孔明。	이름은 제갈량, 자는 공명.
EVENT02	4	23.37	28.57	「伏竜を得る者、天下を制す」と謳われる逸材である。	「복룡을 얻는 자, 천하를 제패한다」고 일컬어지는 인재다.
EVENT02	5	28.63	36.13	劉備は早速、隆中の草庵を訪ねたが、諸葛亮は不在だった。	유비는 곧바로 융중의 초가를 찾아갔으나 제갈량은 집에 없었다.
EVENT02	6	36.23	40.43	そして、雪を押しての二度目の訪問。	그리고 눈길을 무릅쓴 두 번째 방문.
EVENT02	7	40.47	44.13	またしても彼には会えなかった。	이번에도 그를 만나지 못했다.
EVENT02	8	44.17	50.40	劉備は自らの想いを手紙に残し、次の機会が来るのを待った……。	유비는 자신의 마음을 편지에 남기고 다음 기회가 오기를 기다렸다…….
EVENT03	0	1.40	7.57	諸葛亮在宅の噂を聞いた劉備は、三度草庵を訪れる。	제갈량이 집에 있다는 소문을 들은 유비는 세 번째로 초가를 찾아간다.
EVENT03	1	7.63	12.33	そして、ようやく諸葛亮との対面を果たす。	그리고 마침내 제갈량과 마주한다.
EVENT03	2	12.40	16.87	切々と、自らの心情を訴える劉備。	간절하게 자신의 심정을 호소하는 유비.
EVENT03	3	15.70	24.00	その天下を想う言葉は何よりも強く、眠れる竜の心に響いた。	천하를 생각하는 그 말은 무엇보다 강하게 잠든 용의 마음을 울렸다.
EVENT03	4	24.07	31.03	諸葛亮もまた、天下を救う君子の到来を待ち望んでいたのである。	제갈량 또한 천하를 구할 군자가 오기를 기다리고 있었던 것이다.
EVENT03	5	31.00	36.37	静かに頷きながら劉備を仰ぎ見る諸葛亮。	조용히 고개를 끄덕이며 유비를 우러러보는 제갈량.
EVENT03	6	36.43	43.03	今、劉備の時間が急速に動き始めようとしていた。	이제 유비의 시간이 빠르게 움직이기 시작하려 하고 있었다.
EVENT03	7	43.10	48.43	これが世に言う「三顧の礼」である。	이것이 이른바 「삼고초려」다.
EVENT04	0	1.37	5.70	袁紹軍の兵糧庫は烏巣にあり。	원소군의 군량고는 오소에 있다.
EVENT04	1	5.77	11.50	曹操軍に投降した許攸は、重大な情報をもたらした。	조조군에 투항한 허유는 중대한 정보를 가져왔다.
EVENT04	2	10.23	18.27	曹操は直ちに命を飛ばす。いざ、烏巣へ！	조조는 곧바로 명을 내린다. 자, 오소로!
EVENT04	3	17.07	23.43	曹操の精鋭は夜の森を駆け抜け、敵陣へとなだれ込んだ。	조조의 정예병은 밤의 숲을 내달려 적진으로 쏟아져 들어갔다.
EVENT04	4	23.50	28.23	慌てる袁紹軍を蹴散らし、一斉に火を放つ。	허둥대는 원소군을 짓밟고 일제히 불을 지른다.
EVENT04	5	28.30	34.70	容赦のない火炎が、精強を誇った軍勢を瞬く間に呑み込んだ。	사정없는 불길이 정예를 자랑하던 군세를 순식간에 집어삼켰다.
EVENT04	6	34.73	39.17	自らを照らす炎を、間近で見つめる曹操。	자신을 비추는 불꽃을 가까이서 바라보는 조조.
EVENT04	7	39.23	44.30	夜空に浮かぶ赤い影を呆然と眺める袁紹。	밤하늘에 떠오른 붉은 그림자를 망연히 바라보는 원소.
EVENT04	8	44.37	51.03	2人の表情は、この戦いの行く末を物語っていた。	두 사람의 표정은 이 싸움의 결말을 말해 주고 있었다.
EVENT05	0	1.37	4.83	長江の南岸に布陣する軍船。	장강 남쪽 기슭에 진을 친 군선.
EVENT05	1	4.90	9.93	その船の上から周瑜は対岸の陣営を見つめていた。	그 배 위에서 주유는 건너편 기슭의 진영을 바라보고 있었다.
EVENT05	2	10.00	17.93	火計こそ敵の大軍を破る唯一の策。ただ東南の風を待つのみ。	화공이야말로 적의 대군을 깨뜨릴 유일한 계책. 이제 동남풍을 기다릴 뿐.
EVENT05	3	18.00	24.97	……一瞬の静寂の後、風は向きを変え、軍旗を激しくあおった。	……한순간의 정적 뒤, 바람은 방향을 바꿔 군기를 거세게 펄럭였다.
EVENT05	4	27.57	33.47	周瑜は采配を振り下ろし、水軍を駆って対岸に襲いかかった。	주유는 지휘봉을 내리치며 수군을 몰아 건너편 기슭을 덮쳤다.
EVENT05	5	33.53	38.40	戦鼓が激しく打ち鳴らされ、無数の火矢が宙を舞う。	전고가 요란하게 울리고 무수한 불화살이 하늘을 난다.
EVENT05	6	38.47	43.40	船団は炎に包まれ、夕闇を赤く染め上げた。	선단은 불길에 휩싸여 저녁 어스름을 붉게 물들였다.
EVENT05	7	43.47	50.30	長江を下らんとした野望は焼き尽くされ、赤壁は伝説となった。	장강을 따라 내려가려던 야망은 모두 불타 버리고, 적벽은 전설이 되었다.
EVENT06	0	1.20	8.67	琅邪は、秦の始皇帝が巡幸中に好んで立ち寄った地として知られている。	낭야는 진나라 시황제가 순행 중에 즐겨 들렀던 곳으로 알려져 있다.
EVENT06	1	8.73	16.50	始皇帝は琅邪に台を築き遥か東海の彼方を遠望した。	시황제는 낭야에 누대를 쌓고 아득한 동해 저편을 바라보았다.
EVENT06	2	16.57	25.40	その視線は、仙人たちが住むという伝説の島・蓬莱を求め続けていた。	그 눈길은 신선들이 산다는 전설의 섬 봉래를 끝없이 찾고 있었다.
EVENT06	3	25.47	32.27	その島が今、霞がかった海上に浮かび上がる。	그 섬이 지금 안개 낀 바다 위로 떠오른다.
EVENT06	4	32.33	37.80	それは、蜃気楼でも、仙人の秘境でもない。	그것은 신기루도, 신선의 비경도 아니다.
EVENT06	5	37.87	43.73	東海に浮かぶ島国、未踏の地「倭」。	동해에 떠 있는 섬나라, 미지의 땅 「왜」.
EVENT06	6	43.80	48.03	彼の島には邪馬台国という国があり、	그 섬에는 야마타이국이라는 나라가 있고,
EVENT06	7	46.87	54.07	鬼道を操る女王が統治しているという……。	귀도를 부리는 여왕이 다스리고 있다고 한다…….
EVENT07	0	0.97	6.07	地上で最も天に近き霊峰・泰山。	땅 위에서 하늘과 가장 가까운 영봉, 태산.
EVENT07	1	6.13	11.63	万民を代表する皇帝が、天下泰平を天帝に報告し、	만백성을 대표하는 황제가 천하태평을 천제에게 고하고
EVENT07	2	11.70	15.70	自らの威を示す儀式が行われる場所である。	스스로의 위엄을 드러내는 의식을 치르는 곳이다.
EVENT07	3	15.77	21.53	秦の始皇帝、漢の武帝、後漢の光武帝。	진의 시황제, 한의 무제, 후한의 광무제.
EVENT07	4	21.60	27.17	古の帝王たちもここで、「封禅」の儀を執り行った。	옛 제왕들도 이곳에서 「봉선」 의식을 거행했다.
EVENT07	5	27.23	33.07	時を経て、聖なる山へ通じる道が、今開かれる。	세월이 흘러, 성스러운 산으로 이어지는 길이 지금 열린다.
EVENT07	6	33.13	38.03	雄大な山中を登り、頂に立つ新たな帝王。	웅대한 산을 올라 정상에 선 새로운 제왕.
EVENT07	7	38.10	44.50	万雷の喝采を背に受けながら、新帝は厳かに天に祈った。	우레 같은 갈채를 등에 받으며 새 황제는 엄숙히 하늘에 기원했다.
EVENT07	8	44.63	51.30	それは、先人たちの偉業に迫る大きな一歩だった。	그것은 선인들의 위업에 다가서는 큰 한 걸음이었다.
EVENT08	0	1.27	6.57	漢中を制した劉備の前に、百官が進み出た。	한중을 차지한 유비 앞에 백관이 나아갔다.
EVENT08	1	6.63	11.90	皇帝への即位。それが彼らの望みである。	황제 즉위. 그것이 그들의 바람이다.
EVENT08	2	11.97	17.80	漢を救うべき私が、どうして帝位につけようか。	한나라를 구해야 할 내가 어찌 제위에 오를 수 있겠는가.
EVENT08	3	17.87	21.17	静かに目を閉じる劉備。	조용히 눈을 감는 유비.
EVENT08	4	21.23	28.00	だが同時に、自らを信じ従ってきた軍民の姿が脳裏に浮かぶ。	그러나 동시에 자신을 믿고 따라온 군사와 백성들의 모습이 머릿속에 떠오른다.
EVENT08	5	28.07	32.50	彼らの気持ちにも、応えねばならない。	그들의 마음에도 보답해야 한다.
EVENT08	6	32.57	36.50	帝位は畏れ多いが、王位ならば。	제위는 황송하나, 왕위라면.
EVENT08	7	35.67	44.00	高祖・劉邦になじみ深い漢中王は、今の私にふさわしかろう。	고조 유방과 인연이 깊은 한중왕이라면 지금의 내게 걸맞으리라.
EVENT08	8	44.07	51.10	劉備は目を見開き、新たな王の誕生を宣言した。	유비는 눈을 크게 뜨고 새로운 왕의 탄생을 선언했다.
EVENT08	9	49.33	57.27	ここに劉備軍の新たな戦いの幕が開けた。	이로써 유비군의 새로운 싸움이 막을 올렸다.
EVENT09	0	1.33	7.77	再び迎えられた劉協に、万民は漢の再興を期待した。	다시 맞아들여진 유협에게 만백성은 한나라의 부흥을 기대했다.
EVENT09	1	7.83	13.13	だが、かつての皇帝に、復位の意志はなかった。	그러나 옛 황제에게는 복위할 뜻이 없었다.
EVENT09	2	13.20	21.03	劉協は、禅譲を意味する印綬と宝剣を差し出し、静かに宣言した。	유협은 선양을 뜻하는 인수와 보검을 내밀며 조용히 선언했다.
EVENT09	3	21.10	29.57	真に民を救える者への譲位。それこそが天下を救う道である、と。	참으로 백성을 구할 수 있는 자에게 양위하는 것. 그것이야말로 천하를 구하는 길이라고.
EVENT09	4	29.63	37.13	速やかに受禅台が築かれ、印綬と泰平への道が新帝に委ねられた。	곧바로 수선대가 세워지고, 인수와 태평으로 가는 길이 새 황제에게 맡겨졌다.
EVENT09	5	35.93	42.83	万雷の拍手が新たな帝王の門出を祝福する。	우레 같은 박수가 새로운 제왕의 앞날을 축복한다.
EVENT09	6	42.90	51.10	それは、漢朝400年の歴史を受け継いだ、正統な皇帝の誕生だった。	그것은 한 왕조 400년의 역사를 이어받은 정통 황제의 탄생이었다.
EVENT10	0	1.30	8.03	益州を完全に制した蜀は、今まで以上に国力を充実させていた。	익주를 완전히 장악한 촉은 그 어느 때보다 국력을 키우고 있었다.
EVENT10	1	8.10	14.70	受け継がれる志を胸に秘め、意気盛んに調練に励む将兵。	이어받은 뜻을 가슴에 품고 의기충천하여 훈련에 힘쓰는 장병들.
EVENT10	2	14.77	19.27	歴戦の自信が、彼らを強くしていた。	숱한 싸움으로 다진 자신감이 그들을 강하게 만들고 있었다.
EVENT10	3	19.33	27.37	大地を包む熱気に応えるように、諸葛亮が高まる想いを筆に綴る。	대지를 감싼 열기에 화답하듯, 제갈량이 북받치는 마음을 붓으로 써 내려간다.
EVENT10	4	26.47	32.50	我、中原を得ずして、蜀の地を踏むことなし。	내 중원을 얻기 전에는 다시는 촉 땅을 밟지 않으리라.
EVENT10	5	35.07	43.27	そこには、蜀という国を愛し、命を賭けた男たちの悲壮な決意が込められていた。	거기에는 촉이라는 나라를 사랑해 목숨을 건 사나이들의 비장한 결의가 담겨 있었다.
EVENT10	6	43.33	49.33	目指すは中原。そして天下統一。	목표는 중원. 그리고 천하 통일.
EVENT10	7	49.40	56.07	国の命運を賭けた大勝負が、今、始まる……。	나라의 명운을 건 큰 승부가 지금 시작된다…….
EVENT11	0	1.23	7.10	百官が居並ぶ中、新たな称号の誕生が宣言された。	백관이 늘어선 가운데 새로운 칭호의 탄생이 선포되었다.
EVENT11	1	7.20	10.07	その名は「五虎将軍」。	그 이름은 「오호장군」.
EVENT11	2	10.13	15.97	招き入れられる5人の勇姿は、戦場さながらの威風を放つ。	안으로 들어서는 다섯 용장은 전장 그대로의 위풍을 내뿜는다.
EVENT11	3	16.03	22.50	即ち、義を知り勇を知る、無双の武人・関羽。	의를 알고 용기를 아는 무쌍의 무인 관우.
EVENT11	4	21.27	25.93	死地に武威を轟かす、戦場の鬼神・張飛。	사지에서 무위를 떨치는 전장의 귀신 장비.
EVENT11	5	26.03	30.93	一身これすべて胆、不屈の偉丈夫・趙雲。	온몸이 담력 덩어리인 불굴의 대장부 조운.
EVENT11	6	31.00	35.53	老いてますます盛ん、百発百中の射手・黄忠。	늙을수록 더욱 강건한 백발백중의 궁수 황충.
EVENT11	7	35.60	40.37	西涼の錦と謳われる、神威将軍・馬超。	서량의 비단이라 칭송받는 신위장군 마초.
EVENT11	8	40.43	46.90	戦神の到来に宮中が湧き、歓声が波のように広がった。	전쟁의 신들이 나타나자 궁중이 들끓고 환호성이 물결처럼 퍼져 나갔다.
EVENT11	9	46.97	52.80	やがて、五虎将軍の名は天下に轟くこととなる。	머지않아 오호장군의 이름은 천하에 떨치게 된다.
EVENT12	0	1.37	8.00	江東を制覇した孫策と周瑜は橋玄邸の宴に招かれた。	강동을 제패한 손책과 주유는 교현의 저택에서 열린 연회에 초대받았다.
EVENT12	1	8.07	13.73	出迎えに待つ橋玄の後ろに、2人の美姫が控えていた。	마중 나온 교현의 뒤에는 두 미녀가 다소곳이 서 있었다.
EVENT12	2	13.80	19.87	たおやかに微笑む大喬と、快活な笑顔を向ける小喬。	우아하게 미소 짓는 대교와 밝게 웃어 보이는 소교.
EVENT12	3	19.93	24.60	「二喬」と謳われる姉妹が、艶やかに咲き誇る。	「이교」라 칭송받는 자매가 화사하게 피어난다.
EVENT12	4	24.67	33.00	宴もたけなわの折、橋玄は孫策と周瑜に縁談を申し込んだ。	연회가 무르익었을 무렵, 교현은 손책과 주유에게 혼담을 넣었다.
EVENT12	5	31.80	36.07	両者に異存などあろうはずもない。	두 사람에게 이의가 있을 리 없었다.
EVENT12	6	36.13	43.43	こうして呉の英雄2人の傍らを、天下の名花が彩ることとなった。	이리하여 오의 두 영웅 곁을 천하의 명화가 빛내게 되었다.
EVENT12	7	43.50	49.73	人々は彼らを祝福し、喝采してやまなかった。	사람들은 그들을 축복하며 끝없이 갈채를 보냈다.
EVENT13	0	1.23	8.03	手に手に武器を持ち侍立する女官たちの中を、颯爽と進む孫尚香。	저마다 무기를 들고 늘어선 시녀들 사이로 당당히 걸어 나오는 손상향.
EVENT13	1	8.10	13.60	その凛々しくも気高い姿に、誰もが思わず見入った。	늠름하고도 기품 있는 그 모습에 모두가 저도 모르게 넋을 잃었다.
EVENT13	2	17.07	24.03	それは劉孫両家の関係を強めるための、明らかな政略結婚の筈だった。	그것은 유씨와 손씨 두 가문의 관계를 다지기 위한 뻔한 정략결혼일 터였다.
EVENT13	3	24.10	32.03	だが、孫尚香を目にした瞬間、劉備は打算的な利害を超えたものを感じとった。	그러나 손상향을 본 순간, 유비는 이해타산을 넘어선 무언가를 느꼈다.
EVENT13	4	32.10	38.00	孫尚香もまた、劉備に英雄の風を感じていた。	손상향 또한 유비에게서 영웅의 풍모를 느끼고 있었다.
EVENT13	5	38.10	41.67	対面し、微笑みあう2人。	마주 보며 미소 짓는 두 사람.
EVENT13	6	40.47	47.27	そこにあるのは、ただ純なる想いのみだった。	그곳에 있는 것은 오직 순수한 마음뿐이었다.
SOP_H00	0	6.63	14.53	後漢末期、宮中では悪臣宦官がはびこり、地方では天災飢饉が相次いだ。	후한 말기, 궁중에서는 간신과 환관이 판치고 지방에서는 천재와 기근이 잇따랐다.
SOP_H00	1	15.70	21.97	政治の衰退を見た太平道の張角は漢朝打倒の兵を挙げる。	정치가 쇠퇴하자 태평도의 장각은 한 왕조를 무너뜨리려 군사를 일으킨다.
SOP_H00	2	22.47	25.50	世に言う「黄巾の乱」である。	이른바 「황건적의 난」이다.
SOP_H00	3	26.20	32.33	不満と不安にさいなまれた民衆は暴徒と化し、各地を荒らし回った。	불만과 불안에 시달리던 백성들은 폭도로 변해 각지를 휩쓸고 다녔다.
SOP_H00	4	33.50	38.20	そんな中、幽州に3人の男たちが立ち上がる。	그런 가운데 유주에서 세 사나이가 일어선다.
SOP_H00	5	39.87	47.90	劉備、関羽、張飛。死ぬときは同じと誓った3人は、	유비, 관우, 장비. 같은 날 죽기로 맹세한 세 사람은
SOP_H00	6	48.27	53.07	戦乱にあえぐ世を救うべく反乱鎮圧軍に参加した。	전란에 허덕이는 세상을 구하고자 반란 진압군에 가담했다.
SOP_H00	7	54.17	66.17	ときに西暦184年、漢の光和7年のことである。	때는 서기 184년, 한나라 광화 7년의 일이다.
SOP_H01	0	6.03	14.37	黄巾の乱以降も漢朝を討たんとする反乱が相次ぎ、朝廷は対応に追われた。	황건적의 난 이후에도 한 왕조를 치려는 반란이 잇따라 조정은 수습하기에 바빴다.
SOP_H01	1	14.43	22.70	さらに、少帝の外戚として絶大な権力を手にした何進が暗殺される。	게다가 소제의 외척으로서 막강한 권력을 쥐었던 하진이 암살당한다.
SOP_H01	2	22.77	30.93	混乱につぐ混乱の中、宙に浮いた朝廷の実権を握ったのは董卓であった。	혼란에 혼란이 거듭되는 가운데, 주인 잃은 조정의 실권을 쥔 자는 동탁이었다.
SOP_H01	3	31.00	40.57	董卓は、天下無双の豪傑・呂布を従え、献帝への譲位を強行する。	동탁은 천하무쌍의 호걸 여포를 거느리고 억지로 헌제에게 제위를 넘기게 한다.
SOP_H01	4	39.37	46.87	この暴挙に憤慨した諸侯は、陳留の曹操を先頭に、各地で挙兵。	이 폭거에 분개한 제후들은 진류의 조조를 선두로 각지에서 군사를 일으켰다.
SOP_H01	5	46.93	53.10	袁紹を盟主に「反董卓連合」を結成した。	그리고 원소를 맹주로 삼아 「반동탁 연합」을 결성했다.
SOP_H01	6	53.17	60.17	ときに西暦190年、漢の初平2年のことである。	때는 서기 190년, 한나라 초평 2년의 일이다.
SOP_H02	0	7.60	14.20	「反董卓連合」の勢いをかわすため、董卓は長安に逃れた。	「반동탁 연합」의 기세를 피해 동탁은 장안으로 달아났다.
SOP_H02	1	14.27	21.30	絶大な権力を誇った董卓だったが、最後は腹心の呂布に討たれてしまう。	막강한 권세를 누리던 동탁이었으나, 끝내 심복 여포의 손에 죽고 만다.
SOP_H02	2	21.37	27.87	諸侯は次代の旗手を目指して、互いに争い始めた。	제후들은 다음 시대를 이끌 주역이 되고자 서로 다투기 시작했다.
SOP_H02	3	27.93	35.23	中原では、都を追われた呂布が曹操の背後を突き、兗州を奪取。	중원에서는 도읍에서 쫓겨난 여포가 조조의 배후를 쳐서 연주를 빼앗았다.
SOP_H02	4	35.30	44.10	江東でも、袁術より兵を譲り受けた孫策が、自らの覇道を切り開こうとしていた。	강동에서도 원술에게서 군사를 넘겨받은 손책이 스스로 패업의 길을 열려 하고 있었다.
SOP_H02	5	44.20	53.23	呂布と孫策の登場によって、群雄割拠の構図は、新たな段階を迎えた。	여포와 손책의 등장으로 군웅할거의 구도는 새로운 국면을 맞이했다.
SOP_H02	6	53.30	60.70	ときに西暦194年、漢の興平1年のことである。	때는 서기 194년, 한나라 흥평 1년의 일이다.
SOP_H03	0	7.63	14.80	およそ10年続いた群雄割拠の時代は終わりを告げようとしていた。	10년 가까이 이어진 군웅할거의 시대가 막을 내리려 하고 있었다.
SOP_H03	1	14.87	23.07	河北では、袁紹が公孫瓚を倒し、諸侯の中で最大の勢力を手にした。	하북에서는 원소가 공손찬을 쓰러뜨리고 제후 가운데 가장 큰 세력을 손에 넣었다.
SOP_H03	2	23.13	31.33	中原では、曹操が献帝を擁立し、袁術、呂布らを倒して基盤を固めた。	중원에서는 조조가 헌제를 옹립하고 원술, 여포 등을 쓰러뜨려 기반을 다졌다.
SOP_H03	3	31.20	40.07	こうして、華北の主導権を握る争いは、袁紹と曹操の二強に絞られた。	이리하여 화북의 주도권 다툼은 원소와 조조, 두 강자의 대결로 좁혀졌다.
SOP_H03	4	40.13	51.30	一方、華南では、「小覇王」と呼ばれる孫策が江東を平定し、中原に進出する機会をうかがっていた。	한편 화남에서는 「소패왕」이라 불리는 손책이 강동을 평정하고 중원 진출의 기회를 엿보고 있었다.
SOP_H03	5	51.37	58.63	ときに西暦200年、漢の建安5年のことである。	때는 서기 200년, 한나라 건안 5년의 일이다.
SOP_H04	0	6.53	14.47	官渡で袁紹を破った曹操は袁家を滅ぼし、河北を手中に収めた。	관도에서 원소를 무찌른 조조는 원씨 일가를 멸하고 하북을 손에 넣었다.
SOP_H04	1	14.53	21.30	曹操は次なる目標を江南に定め、荊州攻略に乗り出す。	조조는 다음 목표를 강남으로 정하고 형주 공략에 나선다.
SOP_H04	2	21.37	29.87	対する荊州の劉表は、客将の劉備を新野に置き、曹操の南下に備えた。	이에 맞서 형주의 유표는 객장 유비를 신야에 두고 조조의 남하에 대비했다.
SOP_H04	3	29.93	39.63	劉備は兵力を整えつつも、曹操に対抗するために不可欠な「軍師」を捜し求めるのだった。	유비는 병력을 정비하면서도 조조에 맞서는 데 꼭 필요한 「군사」를 찾고 있었다.
SOP_H04	4	40.10	48.93	一方、江東でも、孫策の後を継いだ孫権が、来るべき大戦に備えて動き始めていた。	한편 강동에서도 손책의 뒤를 이은 손권이 다가올 큰 싸움에 대비해 움직이기 시작했다.
SOP_H04	5	49.00	54.90	ときに西暦207年、漢の建安12年。	때는 서기 207년, 한나라 건안 12년.
SOP_H04	6	54.97	61.07	世に名高い「赤壁の戦い」の前年のことである。	그 유명한 「적벽대전」이 일어나기 한 해 전의 일이다.
SOP_H05	0	9.53	18.83	荊州を併合した曹操は江東に進出するが、孫権・劉備連合軍に敗れた。	형주를 병합한 조조는 강동으로 진출했으나 손권과 유비의 연합군에게 패했다.
SOP_H05	1	18.90	24.93	孫権軍を率いる周瑜は勝ちに乗じて江陵を奪取。	손권군을 이끄는 주유는 승세를 몰아 강릉을 빼앗았다.
SOP_H05	2	25.00	31.30	天下の「軍師」諸葛亮を得た劉備も荊州南部を攻略した。	천하의 「군사」 제갈량을 얻은 유비도 형주 남부를 공략했다.
SOP_H05	3	31.37	36.87	程なくして、孫呉の大国柱・周瑜が急逝する。	얼마 뒤, 손오의 대들보 주유가 갑작스레 세상을 떠난다.
SOP_H05	4	38.07	46.87	反撃の機会を待っていた曹操は南下の準備を進め、背後の敵である馬騰を謀殺した。	반격할 기회를 노리던 조조는 남하를 준비하며 배후의 적 마등을 모살했다.
SOP_H05	5	46.93	56.40	父を討たれた馬超は激怒し、涼州の軍勢を引き連れ曹操に復讐戦を挑んだ。	아버지를 잃은 마초는 격노하여 양주의 군세를 이끌고 조조에게 복수전을 걸었다.
SOP_H05	6	56.47	63.77	ときに西暦211年、漢の建安16年のことである。	때는 서기 211년, 한나라 건안 16년의 일이다.
SOP_H06	0	9.17	14.70	曹操に復讐を挑んだ馬超は、離間の策に敗れた。	조조에게 복수전을 건 마초는 이간책에 걸려 패했다.
SOP_H06	1	13.47	22.97	折しも西蜀では、劉備と劉璋の争いが勃発。	때마침 서촉에서는 유비와 유장의 싸움이 벌어졌다.
SOP_H06	2	21.73	29.30	劉備は馬超を招き入れ、その威によって劉璋を下した。	유비는 마초를 맞아들여 그 위세로 유장을 굴복시켰다.
SOP_H06	3	26.77	36.33	曹操は漢中へ侵攻し、一度は平定するも、劉備に攻められ撤退する。	조조는 한중으로 쳐들어가 한때 평정했으나 유비의 공격을 받고 물러난다.
SOP_H06	4	38.40	47.73	日の出の勢いの劉備は「漢中王」を称し、義弟・関羽に荊州の制圧を命じる。	욱일승천의 기세를 탄 유비는 「한중왕」을 칭하고 의제 관우에게 형주 제압을 명한다.
SOP_H06	5	47.80	56.03	関羽の存在を危惧した孫権は密かに曹操と結び、反撃の策を練った。	관우를 위협으로 여긴 손권은 은밀히 조조와 손잡고 반격할 계책을 짰다.
SOP_H06	6	56.10	63.80	ときに西暦219年、漢の建安24年のことである。	때는 서기 219년, 한나라 건안 24년의 일이다.
SOP_H07	0	6.57	12.87	劉備の義弟・関羽は、孫権軍に背後を突かれ敗死した。	유비의 의제 관우는 손권군에게 배후를 찔려 패하고 목숨을 잃었다.
SOP_H07	1	12.93	20.43	400年続いた漢朝も、曹操の後を継いだ魏王・曹丕によって滅ぼされる。	400년을 이어 온 한 왕조도 조조의 뒤를 이은 위왕 조비에 의해 멸망한다.
SOP_H07	2	20.50	31.47	激怒した劉備は、魏に対抗して蜀を建国。荊州へ侵攻するも、孫権軍の陸遜に大敗を喫した。	격노한 유비는 위에 맞서 촉을 세우고 형주로 쳐들어갔으나 손권군의 육손에게 대패했다.
SOP_H07	3	31.53	39.87	失意の劉備は、まだ若い後継者・劉禅を諸葛亮に託し、世を去る。	실의에 빠진 유비는 아직 어린 후계자 유선을 제갈량에게 맡기고 세상을 떠난다.
SOP_H07	4	39.93	48.03	これを蜀打倒の好機と見た南蛮王・孟獲は、南中で挙兵。	이를 촉을 무너뜨릴 호기로 본 남만왕 맹획은 남중에서 군사를 일으켰다.
SOP_H07	5	46.80	52.87	諸葛亮は、自ら孟獲の鎮圧に乗り出さねばならなかった。	제갈량은 몸소 맹획 진압에 나서야만 했다.
SOP_H07	6	52.93	59.93	ときに西暦225年、蜀の建興3年のことである。	때는 서기 225년, 촉나라 건흥 3년의 일이다.
SOP_H08	0	7.20	16.73	南蛮を平定した諸葛亮は、魏を討つべく北伐を開始するも、司馬懿らに四度退けられた。	남만을 평정한 제갈량은 위를 치고자 북벌에 나섰으나 사마의 등에게 네 차례 격퇴당했다.
SOP_H08	1	16.80	24.23	五度目の北伐に必勝を期する諸葛亮は、呉を建国した孫権に出兵を要請。	다섯 번째 북벌에 필승을 다짐한 제갈량은 오를 세운 손권에게 출병을 요청했다.
SOP_H08	2	23.03	30.73	これに応じた孫権は魏に攻め入る動きを見せる。	이에 응한 손권은 위를 공격할 움직임을 보인다.
SOP_H08	3	29.57	39.40	呉の動向を察知した魏の曹叡は自ら対呉戦線に赴き、蜀との攻防は司馬懿に一任した。	오의 움직임을 알아챈 위의 조예는 몸소 오와의 전선으로 향하고 촉과의 공방은 사마의에게 맡겼다.
SOP_H08	4	39.47	50.50	諸葛亮と司馬懿。時代を代表する2人の名将は、五丈原を挟み、最後の戦いに臨もうとしていた。	제갈량과 사마의. 시대를 대표하는 두 명장이 오장원을 사이에 두고 마지막 결전에 임하려 하고 있었다.
SOP_H08	5	50.57	58.37	ときに西暦234年蜀の建興12年のことである。	때는 서기 234년, 촉나라 건흥 12년의 일이다.
SOP_H09	0	6.17	13.83	諸葛亮の北伐を凌いだ司馬懿は、政変によって魏の中枢を掌握した。	제갈량의 북벌을 막아 낸 사마의는 정변을 일으켜 위의 중추를 장악했다.
SOP_H09	1	13.90	21.67	一方の蜀は、相次ぐ外征と政治の腐敗によって疲弊しきっていた。	한편 촉은 잇따른 원정과 정치의 부패로 몹시 피폐해져 있었다.
SOP_H09	2	21.73	30.87	司馬懿の子・司馬昭は好機到来と見て、鍾会、鄧艾に蜀討伐を命じる。	사마의의 아들 사마소는 호기가 왔다고 보고 종회와 등애에게 촉 토벌을 명한다.
SOP_H09	3	30.93	39.13	対する蜀の姜維は直ちに迎撃態勢を敷いたが、その陣容はあまりに薄かった。	이에 맞선 촉의 강유는 곧바로 요격 태세를 갖추었으나 그 진용은 너무나 빈약했다.
SOP_H09	4	39.20	43.47	劉備、諸葛亮、関羽、張飛。	유비, 제갈량, 관우, 장비.
SOP_H09	5	43.53	47.53	名だたる将才が命を賭して建国した蜀。	이름난 영웅들이 목숨을 걸고 세운 나라, 촉.
SOP_H09	6	47.60	54.17	その命運が、今まさに尽きようとしていた。	그 명운이 이제 막 다하려 하고 있었다.
SOP_H09	7	54.23	61.23	ときに西暦263年、蜀の炎興1年のことである。	때는 서기 263년, 촉나라 염흥 1년의 일이다.
SOP_V00	0	5.87	11.00	逆臣董卓を討つべく結ばれた「反董卓連合」。	역신 동탁을 치기 위해 결성된 「반동탁 연합」.
SOP_V00	1	11.07	17.37	しかし、連合諸侯は各自の利権に固執し、戦果は上がらなかった。	그러나 연합한 제후들은 저마다 이권에만 매달려 전과를 올리지 못했다.
SOP_V00	2	17.43	23.57	そんな中、董卓打倒に命を燃やす将が1人だけいた。	그런 가운데 동탁 타도에 목숨을 불태운 장수가 단 한 명 있었다.
SOP_V00	3	23.63	27.30	「江東の虎」孫堅である。	「강동의 호랑이」 손견이다.
SOP_V00	4	27.37	34.67	孫堅は先陣を切って董卓軍と激突し、大勝利を得た。	손견은 선봉에 서서 동탁군과 격돌해 대승을 거두었다.
SOP_V00	5	33.43	43.17	孫堅の勇名を畏れた董卓は洛陽に火を放ち、長安へ逃走。	손견의 용명을 두려워한 동탁은 낙양에 불을 지르고 장안으로 달아났다.
SOP_V00	6	41.93	50.10	孫堅は洛陽に入り、荒廃した街の復興に尽力した。	손견은 낙양에 들어가 황폐해진 도시의 복구에 힘썼다.
SOP_V00	7	48.87	56.13	漢の中興に励む孫堅の勇姿に、人々は喝采を送った。	한나라 중흥에 힘쓰는 손견의 늠름한 모습에 사람들은 갈채를 보냈다.
SOP_V00	8	56.20	63.90	ときに西暦191年、漢の初平3年のことである。	때는 서기 191년, 한나라 초평 3년의 일이다.
SOP_V01	0	7.80	13.17	「反董卓連合」は董卓から洛陽を奪回する。	「반동탁 연합」은 동탁에게서 낙양을 되찾는다.
SOP_V01	1	13.23	20.37	だが、連合諸侯同士の内部抗争が激化し、間もなく連合は解散した。	그러나 연합한 제후들 사이의 내분이 격해져 연합은 곧 해산했다.
SOP_V01	2	20.43	28.63	諸侯の中でも随一の声望を誇る袁紹は、曹操らを配下に収めて勢力を拡大。	제후 가운데 으뜸가는 명망을 자랑하는 원소는 조조 등을 휘하에 거두어 세력을 넓혔다.
SOP_V01	3	28.70	35.33	公孫瓚は、盟友・劉備の助力を得て、袁紹との激突に備えた。	공손찬은 맹우 유비의 도움을 얻어 원소와의 격돌에 대비했다.
SOP_V01	4	35.40	44.07	袁紹の異母弟・袁術も、洛陽を制圧した孫堅を従え、袁紹の背後をうかがっていた。	원소의 이복동생 원술도 낙양을 제압한 손견을 거느리고 원소의 배후를 노리고 있었다.
SOP_V01	5	44.13	49.50	袁紹、公孫瓚、袁術、そして董卓。	원소, 공손찬, 원술, 그리고 동탁.
SOP_V01	6	49.57	55.60	中原を巡る四強の戦いがここに始まる。	중원을 둘러싼 네 강자의 싸움이 이제 시작된다.
SOP_V01	7	55.67	62.83	ときに西暦191年、漢の初平3年のことである。	때는 서기 191년, 한나라 초평 3년의 일이다.
SOP_V02	0	9.00	16.17	董卓を討ち果たした呂布は、徐州に入り中原を巡る争いに加わった。	동탁을 쓰러뜨린 여포는 서주에 들어가 중원을 둘러싼 싸움에 뛰어들었다.
SOP_V02	1	16.23	20.63	至高の座を狙う袁術は、呂布に接近。	지존의 자리를 노리는 원술은 여포에게 접근했다.
SOP_V02	2	20.70	25.93	孫策から譲り受けた玉璽を手に皇帝を名乗る。	그리고 손책에게서 넘겨받은 옥새를 손에 쥐고 황제를 자칭한다.
SOP_V02	3	26.00	33.43	献帝を擁する曹操は、諸侯に袁術打倒を呼びかけるが、事態は一変する。	헌제를 받드는 조조는 제후들에게 원술 타도를 호소했으나, 사태는 급변한다.
SOP_V02	4	33.50	39.43	袁術が急逝し、呂布が帝位を継承したのである。	원술이 갑자기 세상을 떠나고 여포가 제위를 이어받은 것이다.
SOP_V02	5	39.50	43.63	最強の豪傑・呂布が皇帝に。	최강의 호걸 여포가 황제로.
SOP_V02	6	43.70	49.33	その報せは大陸全土を駆けめぐり、諸侯を震撼させた。	그 소식은 대륙 전역을 휩쓸며 제후들을 뒤흔들었다.
SOP_V02	7	49.40	56.83	ときに西暦197年、漢の建安2年のことである。	때는 서기 197년, 한나라 건안 2년의 일이다.
SOP_V03	0	8.20	17.93	献帝を擁立した曹操は自らの権勢を強めるばかりで、朝廷の威信は却って損なわれた。	헌제를 옹립한 조조는 제 권세만 키울 뿐이어서 조정의 위신은 오히려 떨어졌다.
SOP_V03	1	18.00	27.87	漢室の衰退を憂う献帝は董承を派遣し、劉備と馬騰に曹操打倒の密勅を与える。	한실의 쇠퇴를 걱정한 헌제는 동승을 보내 유비와 마등에게 조조 타도의 밀칙을 내린다.
SOP_V03	2	27.93	32.90	漢の再興を願う2人はこれを快諾する。	한실 부흥을 바라는 두 사람은 이를 흔쾌히 받아들인다.
SOP_V03	3	32.97	38.00	劉備は献帝を保護して曹操の下を脱出。	유비는 헌제를 모시고 조조의 손아귀에서 벗어났다.
SOP_V03	4	38.07	44.03	馬騰も涼州の軍勢を率いて劉備の傘下に入った。	마등도 양주의 군세를 이끌고 유비의 휘하로 들어왔다.
SOP_V03	5	44.10	53.83	群雄割拠によって輝きを失っていた漢朝は、ここに再興への道を歩み始めた。	군웅할거로 빛을 잃었던 한 왕조는 이제 부흥의 길을 걷기 시작했다.
SOP_V03	6	53.90	60.67	ときに西暦200年、漢の建安5年のことである。	때는 서기 200년, 한나라 건안 5년의 일이다.
SOP_V04	0	7.50	13.83	袁紹と曹操は華北の支配権を巡り、官渡で激突した。	원소와 조조는 화북의 지배권을 두고 관도에서 격돌했다.
SOP_V04	1	13.90	20.63	地力に勝る袁紹は軍師・田豊の策を用いて曹操軍を圧迫。	저력에서 앞선 원소는 군사 전풍의 계책을 써서 조조군을 압박했다.
SOP_V04	2	20.70	26.67	兵糧の尽きた曹操は敗退し、都を捨てて逃走した。	군량이 떨어진 조조는 패퇴하여 도읍을 버리고 달아났다.
SOP_V04	3	26.73	33.27	袁紹は献帝を擁護しその名声はここに極まった。	헌제를 받들게 된 원소의 명성은 절정에 달했다.
SOP_V04	4	33.33	37.90	だが、予断を許さない情勢が続く。	그러나 한 치 앞을 알 수 없는 정세가 이어진다.
SOP_V04	5	37.97	43.50	曹操は直ちに軍団を再編し、反撃体制を整備。	조조는 곧바로 군단을 재편하여 반격 태세를 갖추었다.
SOP_V04	6	43.57	51.80	袁紹の客将となっていた劉備も汝南へ脱出し、都へ攻め入ろうとしていた。	원소의 객장으로 있던 유비도 여남으로 빠져나가 도읍으로 쳐들어가려 하고 있었다.
SOP_V04	7	51.87	58.63	ときに西暦200年、漢の建安5年のことである。	때는 서기 200년, 한나라 건안 5년의 일이다.
SOP_V05	0	9.50	16.57	赤壁の戦いに勝利した周瑜は、自らの秘策を実行に移す。	적벽대전에서 승리한 주유는 자신의 비책을 실행에 옮긴다.
SOP_V05	1	16.63	23.17	華北を支配する曹操に対し、華南と涼州の軍事力を総動員して挑む。	화북을 지배하는 조조에게 화남과 양주의 군사력을 총동원해 맞서는 것.
SOP_V05	2	23.23	27.57	即ち、「天下二分の計」である。	즉, 「천하이분지계」다.
SOP_V05	3	27.63	33.30	周瑜は自ら遠征して荊州と益州を攻略。	주유는 몸소 원정하여 형주와 익주를 공략했다.
SOP_V05	4	33.37	38.20	馬騰と同盟を結んで、北上の時を迎える。	그리고 마등과 동맹을 맺고 북상할 때를 맞는다.
SOP_V05	5	38.27	43.40	周瑜にとって気がかりなのは、背後に控える劉備の存在。	주유에게 마음에 걸리는 것은 배후에 버티고 있는 유비의 존재.
SOP_V05	6	43.47	47.03	だが、彼は迷わず号令を下した。	그러나 그는 망설임 없이 호령을 내렸다.
SOP_V05	7	47.10	50.97	亡き親友の夢のために。	세상을 떠난 벗의 꿈을 위해.
SOP_V05	8	51.03	58.47	ときに西暦210年、漢の建安15年のことである。	때는 서기 210년, 한나라 건안 15년의 일이다.
SOP_V06	0	8.17	13.10	関羽の北上を阻止した曹操は病に倒れた。	관우의 북상을 막아 낸 조조는 병으로 쓰러졌다.
SOP_V06	1	13.17	19.13	後継者は嫡子の曹丕と目されていたがこれに異を唱える者がいた。	후계자는 적자 조비로 여겨졌으나 이에 이의를 제기하는 자들이 있었다.
SOP_V06	2	19.20	25.10	武勇をもって鳴る曹彰と、聡明を曹操に愛された曹植である。	무용으로 이름난 조창과, 총명함으로 조조의 사랑을 받은 조식이다.
SOP_V06	3	25.17	29.20	2人の弟は、それぞれの任地で自立。	두 동생은 각자의 임지에서 자립했다.
SOP_V06	4	29.27	34.80	華北は、曹熊を含めた曹家四兄弟によって分裂した。	화북은 조웅을 포함한 조씨 네 형제로 인해 분열되었다.
SOP_V06	5	34.87	40.20	劉備、孫権らとの勢力比は一変。	유비, 손권 등과의 세력 판도는 완전히 바뀌었다.
SOP_V06	6	39.03	48.07	かつて曹操が倒した袁家と同様、曹家もまた、後継問題で内から崩れようとしていた。	일찍이 조조가 쓰러뜨린 원씨 가문처럼 조씨 가문 또한 후계 문제로 안에서부터 무너지려 하고 있었다.
SOP_V06	7	48.13	55.53	ときに西暦220年、漢の建安25年のことである。	때는 서기 220년, 한나라 건안 25년의 일이다.
SOP_V07	0	8.20	13.77	魏の司馬昭は鍾会と鄧艾を派遣し、蜀を滅ぼした。	위의 사마소는 종회와 등애를 보내 촉을 멸망시켰다.
SOP_V07	1	13.83	20.07	鄧艾は独自に統治を進めようとするが、鍾会に阻止されてしまう。	등애는 독자적으로 통치를 펴려 했으나 종회에게 저지당하고 만다.
SOP_V07	2	20.13	26.63	鍾会は姜維ら旧蜀軍を併合し、蜀で独立を果たす。	종회는 강유 등 옛 촉군을 흡수하고 촉에서 독립을 이룬다.
SOP_V07	3	26.70	32.93	鍾会の野心を見抜いていた司馬昭はただちに鍾会討伐軍を再編。	종회의 야심을 꿰뚫어 보고 있던 사마소는 곧바로 종회 토벌군을 재편했다.
SOP_V07	4	33.00	38.83	この機に蜀を奪おうとする呉も、呉蜀国境に軍勢を集めた。	이 틈에 촉을 차지하려는 오 또한 오와 촉의 국경에 군세를 모았다.
SOP_V07	5	38.93	43.50	さらに、捕縛されていた鄧艾も窮地を脱して自立。	게다가 사로잡혀 있던 등애마저 궁지를 벗어나 자립했다.
SOP_V07	6	43.60	48.47	西蜀は、四勢力が入り乱れる激戦地と化した。	서촉은 네 세력이 뒤엉킨 격전지로 변했다.
SOP_V07	7	48.53	55.17	ときに西暦264年、魏の咸熙1年のことである。	때는 서기 264년, 위나라 함희 1년의 일이다.
SOP_V08	0	7.83	15.20	劉備の軍師・徐庶に悩まされた曹操は、策で徐庶を味方につけようとする。	유비의 군사 서서에게 골머리를 앓던 조조는 계책을 써서 서서를 제 편으로 끌어들이려 한다.
SOP_V08	1	15.27	21.27	だが、諸葛亮が策を見抜き、徐庶は劉備の下に留まる。	그러나 제갈량이 그 계책을 간파하여 서서는 유비 곁에 남는다.
SOP_V08	2	21.33	27.30	この小さな出来事から、歴史は大きく変化し始めた。	이 작은 사건을 계기로 역사는 크게 바뀌기 시작했다.
SOP_V08	3	27.37	34.90	間もなく劉表が病に倒れ、劉備は荊州を譲り受ける。	얼마 뒤 유표가 병으로 쓰러지고, 유비는 형주를 물려받는다.
SOP_V08	4	33.67	38.90	曹操は荊州へ侵攻するが、劉備軍に敗退。	조조는 형주로 쳐들어갔으나 유비군에게 패퇴했다.
SOP_V08	5	38.97	46.33	進路を転じて漢中を奪い、蜀制覇の障害となる馬騰を謀殺した。	조조는 진로를 돌려 한중을 빼앗고, 촉 제패에 걸림돌이 될 마등을 모살했다.
SOP_V08	6	46.40	52.90	父を殺された馬超は、劉備とともに曹操に挑むのだった。	아버지를 잃은 마초는 유비와 함께 조조에게 맞서게 된다.
SOP_V08	7	52.97	59.20	ここに「超・三國志」の世界が幕を開けた。	이로써 「초·삼국지」의 세계가 막을 열었다.
SOP_V09	0	9.80	18.33	後漢末期、求心力を失った朝廷を尻目に、英雄たちが互いに覇を争った。	후한 말기, 구심력을 잃은 조정을 아랑곳하지 않고 영웅들이 서로 패권을 다투었다.
SOP_V09	1	18.40	24.07	乱世の姦雄・曹操、漢の復興を目指した劉備。	난세의 간웅 조조, 한실 부흥을 꿈꾼 유비.
SOP_V09	2	24.13	29.03	劉備との友情に生涯を賭した関羽と張飛。	유비와의 우정에 평생을 바친 관우와 장비.
SOP_V09	3	29.10	34.13	火計を駆使して大敵を撃破した周瑜と陸遜。	화공을 펼쳐 강적을 격파한 주유와 육손.
SOP_V09	4	34.20	38.97	魏蜀国境で五度まみえた諸葛亮と司馬懿。	위와 촉의 국경에서 다섯 차례 맞붙은 제갈량과 사마의.
SOP_V09	5	39.03	44.27	蜀の滅亡を前に知勇を競った姜維と鄧艾。	촉의 멸망을 앞두고 지혜와 용맹을 겨룬 강유와 등애.
SOP_V09	6	44.33	51.43	時の壁を越え、同じ旗の下に、三国志の英雄たちが集結する。	시대의 벽을 넘어 같은 깃발 아래 삼국지의 영웅들이 모인다.
SOP_V09	7	51.50	57.20	真の勝者を決める戦いが、今、始まる！	진정한 승자를 가리는 싸움이 지금 시작된다!
