M08914.0	{V:01DA} 장군은⏎도적떼에게 도리어 당했습니다
M08914.1	{V:01DA} 장군은⏎도적떼의 습격을 받고⏎부리나케 달아났습니다
M08914.2	{V:01DA} 장군은⏎혼비백산하여⏎도적떼에게 쫓겨났습니다
M08914.3	도적떼의 공격으로⏎{V:01DA} 장군은 {V:3DA2}에서⏎쫓겨났습니다
M08915.0	도적 {V:65}명이 귀순하여⏎{V:3DA2}의 병사가 되었습니다
M08915.1	{V:3DA2}에⏎도적 {V:65}명이⏎병사로 편입되었습니다
M08915.2	{V:01DA} 장군은⏎귀순한 도적 {V:65}명을⏎{V:3DA2}의 병사로 삼았습니다
M08915.3	도적 {V:65}명이 {V:01DA}에게⏎{V:3DA2}의 병사로 귀순했습니다
M08916.0	{V:1FC9}에게 쏟아지는 환호는⏎언제까지나 그칠 줄 몰랐다
M08917.0	{V:1FC7}군에 대한⏎백성의 신뢰가 높아졌습니다
M08917.1	{V:1FC7}군을 향한⏎백성의 기대가 커졌습니다
M08917.2	{V:1FC7}군의 행동에⏎백성의 지지가 높아졌습니다
M08918.0	{V:1FC7}군에 대한⏎백성의 불신감이 커졌습니다
M08918.1	{V:1FC7}군을 향한⏎백성의 불만이 높아졌습니다
M08918.2	{V:1FC7}군의 행동에⏎백성이 불안을 느꼈습니다
M08919.0	{V:02DA} 장군은 {V:3DA2}에서⏎{V:01DA}의 집을 찾아갔다
M08919.1	{V:02DA} 장군은⏎{V:3DA2}에 사는 {V:01DA}의⏎집을 방문했다
M08920.0	돌아오셨군요……⏎오늘은 느긋하게⏎마음 편히 쉬세요
M08920.3	돌아오셨군요……⏎오늘은 느긋하게⏎마음 편히 쉬세요
M08920.1	어머, {C:25b}공근{C:32b} 님이⏎아니신가요?⏎정말 잘 와 주셨어요
M08920.2	어머, {C:25b}백부{C:32b} 님이⏎아니신가요?⏎정말 잘 와 주셨어요
M08920.4	{C:25b}맹덕{C:32b} 님,⏎오늘은 바쁜 정무도 잊으시고⏎마음 편히 쉬세요
M08920.5	{C:25b}봉선{C:32b} 님이 오실 날을⏎손꼽아 기다리고 있었어요⏎오늘은 밤까지 계실 거죠?
M08921.0	{V:02DA} 님이 아니십니까⏎정말 잘 오셨습니다
M08921.1	{V:02DA} 님,⏎먼 걸음 해 주셔서 황송합니다
M08921.2	오오, {V:02DA} 님⏎잘 와 주셨습니다
M08922.0	아이고, {V:02DA} 님,⏎누추한 곳을 찾아 주시다니요
M08922.1	{V:02DA} 님,⏎잘 오셨습니다
M08923.0	여어, {C:25b}{V:02DD}{C:32b},⏎오랜만일세⏎잘 지내고 있는가?
M08923.1	{C:25b}{V:02DD}{C:32b},⏎벼슬살이는 할 만한가?⏎후회하고 있지는 않은가?
M08924.0	{V:02DA}, {V:01DA} 두 사람은⏎시간 가는 줄 모르고 담소했다
M08924.1	{V:02DA}, {V:01DA} 두 사람은⏎해가 저물도록 담소를 즐겼다
M08924.2	{V:02DA}, {V:01DA} 두 사람의⏎이야기는 한밤중까지 이어졌다
M08925.0	집안은 제가 지키겠어요……⏎당신은 천하를 향해⏎나아가 주세요
M08925.3	집안은 제가 지키겠어요……⏎당신은 천하를 향해⏎나아가 주세요
M08925.1	그럼 {C:25b}공근{C:32b} 님,⏎{C:25b}소교{C:32b}에게도 안부⏎전해 주세요
M08925.2	그럼 {C:25b}백부{C:32b} 님,⏎언니에게도 안부⏎전해 주세요
M08925.4	벌써 이런 시간이네요……⏎더 붙잡아 둘 수는⏎없는 거겠지요?
M08925.5	{C:25b}봉선{C:32b} 님,⏎또 찾아와 주세요……⏎약속이에요
M08926.0	{V:02DA} 님,⏎오늘은 유익한 이야기를 나눠⏎진심으로 감사드립니다
M08926.1	{V:02DA} 님의 말씀은⏎하나같이 유익하군요
M08926.2	{V:02DA} 님,⏎오늘 즐거운 시간⏎정말 고마웠습니다
M08927.0	{V:02DA} 님,⏎오늘 유익한 이야기를 나눠⏎더없이 기쁩니다
M08927.1	{V:02DA} 님과 이야기하면⏎늘 화제가 끊이지 않는군요
M08928.0	좋구나, 좋아
M08928.1	옳지, 옳지
M08929.0	{V:1FC7}군과 {C:25b}수경{C:32b} 문하의⏎친목이 깊어졌습니다
M08930.0	오오, 그렇지!⏎답례로 좋은 것을 하나⏎알려 드리리다⏎{C:25b}계양{C:32b}의 남산으로 가 보시오⏎운이 좋으면⏎두 사내를 만날 수 있을 거요
M08931.0	변변찮은 답례지만⏎이것을 드리겠습니다
M08932.0	변변찮은 답례지만⏎제가 아는 병법을⏎가르쳐 드리지요
M08932.3	변변찮은 답례지만⏎제가 아는 병법을⏎가르쳐 드리지요
M08932.4	변변찮은 답례지만⏎제가 아는 병법을⏎가르쳐 드리지요
M08932.7	변변찮은 답례지만⏎제가 아는 병법을⏎가르쳐 드리지요
M08932.9	변변찮은 답례지만⏎제가 아는 병법을⏎가르쳐 드리지요
M08932.10	변변찮은 답례지만⏎제가 아는 병법을⏎가르쳐 드리지요
M08932.12	변변찮은 답례지만⏎제가 아는 병법을⏎가르쳐 드리지요
M08932.13	변변찮은 답례지만⏎제가 아는 병법을⏎가르쳐 드리지요
M08932.1	이것은 싸움터에 나설 수 없는⏎저를 대신할 물건이에요⏎부디 요긴하게 써 주세요
M08932.6	이것은 싸움터에 나설 수 없는⏎저를 대신할 물건이에요⏎부디 요긴하게 써 주세요
M08932.2	그리고…… 이건⏎제가 남편에게 배운 거예요⏎부디 받아 주세요
M08932.5	그리고…… 이건⏎제가 남편에게 배운 거예요⏎부디 받아 주세요
M08932.8	그럼 돌아가시는 길에⏎선물을 하나 드릴게요⏎자, 받아 주세요
M08932.11	저와 {C:25b}봉선{C:32b} 님을 잇는 끈이에요⏎부디 받아 주세요
M08933.0	{V:01DA} 장군이 찾아가 보니⏎{V:3DA2}에 {C:25b}화타{C:32b}가 묵고 있었다
M08933.1	{V:01DA} 장군은 {V:3DA2}에서⏎{C:25b}화타{C:32b}와 만났다
M08933.2	{V:3DA2}에 들른 {V:01DA}에게⏎길에서 {C:25b}화타{C:32b}가 말을 걸어왔다
M08934.0	아니, 이게 누구십니까⏎{V:02DA} 님 아니십니까
M08934.1	오오, {V:02DA} 님⏎이런 우연이 다 있군요
M08934.2	이런 곳에서⏎{V:02DA} 님을 뵙게 될 줄은⏎생각도 못 했습니다
M08935.0	{C:25b}화타{C:32b}와 {V:01DA}의 이야기는⏎시간 가는 줄 모르고 이어졌다
M08935.1	{V:01DA}, {C:25b}화타{C:32b} 두 사람은⏎한동안 이야기를 나누었다
M08935.2	{V:01DA} 장군은 {C:25b}화타{C:32b}와⏎서로의 근황을 주고받았다
M08936.0	그럼 저는 이만⏎여러분의 건강을 기원합니다
M08936.1	무장은 몸이 재산입니다⏎부디 {V:02DA} 님께서도⏎건강하시기를 바랍니다
M08936.2	떠도는 길 위에서도⏎여러분이 건강하시기를⏎빌겠습니다
M08937.0	{V:1FC7}군 무장 모두의⏎건강이 회복되었습니다
M08938.0	{V:01DA}의 발길이⏎{C:25b}계양{C:32b} 부근의 남산에 닿자⏎두 사내가 바둑을 두고 있었다
M08939.0	어라?⏎술이 다 떨어진 모양일세
M08940.0	고기도 떨어졌네⏎……흠, 이거 곤란하군
M08941.0	금 {V:65}어치 술과 고기로⏎둘에게 뇌물을 쓰시겠습니까?⏎　실행무장: {V:01DA}⏎　군단금: {V:66}
M08942.0	오오! 이거 고맙구먼!⏎부디 자네 이름을⏎알려 주지 않겠나?
M08943.0	{V:02DA} 말이군⏎좋아! 술과 고기의 답례로⏎자네의 수명을 늘려 주겠네
M08944.0	……요령이 없구먼
M08945.0	{C:25b}남두{C:32b}와 {C:25b}북두{C:32b}는 바람을 타고⏎하늘로 사라졌습니다
M08946.0	{V:01DA} 장군이 {V:3DA2}에 가 보니⏎{V:02DA}의 설교에 백성이 운집했다
M08947.0	저는 제 가르침을 설파하여⏎전란에 지친 사람들을⏎구하고 있습니다⏎천하를 생각하신다면⏎{V:02DA} 님도 제 방식을⏎인정하셔야 하지 않겠습니까?
M08947.1	저는 제 의술로⏎전란에 상처 입은 사람들을⏎치료하고 있습니다⏎{V:02DA} 님도⏎백성을 위해 힘써 보시는 게⏎어떻겠습니까?
M08947.2	무슨 일인가?⏎백성에게 선도의 훌륭함을⏎가르치고 있다네⏎자네는 방해가 되니⏎어디 가 있어 주지 않겠나?
M08947.3	내가 뭘 하든⏎네놈이 상관할 일은 아니지?⏎⏎방해되니까⏎딴 데 가 있어!
M08948.0	{V:01DA}의 처우를 정하십시오⏎　실행무장: {V:02DA}
M08949.0	{V:02DA} 님은 {V:02DA} 님의⏎방식으로, 저는 제 방식으로⏎만백성을 위해 힘씁시다
M08949.1	우리 서로⏎천하 만백성을 위해⏎힘써 나갑시다
M08949.2	말귀를 잘 알아듣는 친구로군⏎흠……⏎싹수가 있을지도 모르겠군……
M08949.3	알면 됐다!⏎앞으로도⏎방해하지 마라!
M08950.0	무슨 짓을 해도⏎천명은 바꿀 수 없습니다
M08950.1	이런 짓을 되풀이해도⏎천명은 거스를 수 없습니다
M08950.2	껄껄껄……⏎머지않아⏎또 만나게 될 것 같구먼
M08950.3	이봐! 거울을 잘 들여다봐라!⏎죽을상이 뚜렷하게⏎떠올라 있다고!
M08951.0	무슨…… 윽……
M08951.1	헛소리를……⏎……윽……
M08952.0	{V:01DA} 장군은 {C:25b}아미{C:32b}산에서⏎{C:25b}좌자{C:32b}와 마주쳤다
M08953.0	어떤가?⏎나와 함께 선도의 진수를⏎터득해 보지 않겠나?⏎지금이라면 금 {V:65}에⏎가르쳐 주겠네
M08954.0	그렇다면 이것을 써서⏎부지런히 정진하게
M08955.0	금 {V:65}에 {C:25b}둔갑천서{C:32b}가⏎{V:01DA}의 손에 들어왔습니다
M08956.0	아깝구먼……⏎할 수 없지⏎얼굴 본 값만 받고 봐주지
M08957.0	{C:25b}좌자{C:32b}가 {V:01DA}에게서⏎금을 {V:65} 뺏어 갔습니다
M08958.0	{V:3DA2}에 들른 {V:01DA}에게⏎괴이한 돌풍이 몰아쳤다
M08959.0	원래 {C:25b}둔갑천서{C:32b}는 내 것이었네⏎어떤가⏎돌려주지 않겠나?
M08960.0	뭐라? 싱겁구먼⏎그런 착한 척하는 놈에게⏎{C:25b}둔갑천서{C:32b}는 과분하지
M08961.0	{C:25b}좌자{C:32b}가 {V:01DA}에게서⏎{C:25b}둔갑천서{C:32b}를 빼앗아 갔습니다
M08962.0	껄껄껄……⏎솔직해서 좋구먼⏎덤일세, 받게나!
M08963.0	{V:3DA2}에서 {V:01DA} 장군은⏎{C:25b}예형{C:32b}과 마주쳤다
M08964.0	군침 흘리는 패배자 군단!⏎이번엔 누구를⏎불행하게 만들 셈이냐?
M08964.1	재주 없는 무능한 {V:1FC7}군!⏎대체 무슨 꿍꿍이로⏎무식함을 드러내느냐?
M08964.2	물가의 무능한 개구리야!⏎뭍에 올라와서 뭘 하느냐?⏎장강이라도 말라붙었느냐?
M08964.3	원숭이 무리의 대장!⏎얼빠진 낯짝으로 뭘 하느냐?
M08964.4	맹수만도 못한 {V:1FC7}군!⏎멍청한 낯짝으로 어딜 가느냐?
M08964.5	이봐!⏎이 몸보다 한참 무식한 범부!⏎멍청한 낯짝으로 뭘 하느냐?
M08965.0	쳇! 도망쳤군⏎배짱도 없는 놈
M08966.0	멍청한 놈!⏎이 {C:25b}예형{C:32b}이 너 따위에게⏎베일 리가 있겠느냐?
M08967.0	{V:02DA}, {V:01DA} 두 사람은⏎{V:3DA2}에서 마주쳤다
M08967.1	{V:02DA} 장군이 간 {V:3DA2}에⏎마침 {V:01DA}의 숙소가 있었다
M08967.2	{V:3DA2}에 들른 {V:02DA}의 앞에⏎불쑥 {V:01DA}의 모습이 나타났다
M08969.0	자네, 제법 싹수가 있구먼!⏎일단 나 대신⏎술값 {V:65} 좀 내 주게!
M08969.1	이거 {V:02DA} 아닌가!⏎내가 {C:25b}좌자{C:32b}일세⏎미안하네만 금 {V:65} 주겠나?
M08969.2	거기 자네!⏎가련한 이 늙은이를 위해⏎술값 {V:65} 좀 내 주겠나!
M08970.0	거기 너!⏎한턱낼 기회를 줄 테니⏎금 {V:65} 내놓고 가라!
M08970.1	마침 잘 왔다!⏎술값이 모자라⏎금 {V:65} 두고 가라!
M08970.2	아무 말 할 필요 없다!⏎내 숙박비를 위해⏎잠자코 금 {V:65} 내놔라!
M08972.0	수고했네!⏎다음에도 부탁하지
M08972.1	생각했던 대로⏎싹수가 있구먼
M08972.2	그럼⏎나는 바빠서⏎이만 실례하겠네
M08973.0	수고했다!⏎또 부탁해 줄 테니⏎영광으로 알아라
M08973.1	좋아! 칭찬해 주마⏎다음에도 부탁한다
M08973.2	다 냈느냐?⏎그렇다면 냉큼⏎꺼져 버려!
M08975.0	원 참……⏎보통 인간이⏎나를 이길 리가 없지 않은가?
M08975.1	헛수고를……⏎수행을 쌓고 다시 오게나
M08975.2	조금 더⏎냉정하게⏎생각하는 게 좋을 걸세
M08976.0	무리한 짓은⏎그만두는 게 현명할걸?⏎시간 낭비다
M08976.1	분수도 모르는 놈!⏎이기지도 못할 싸움을 걸다니⏎멍청한 녀석
M08976.2	이래 봬도 나도 명사다⏎날 베면 백성이 반발할걸?⏎뭐, 벨 수 있다면 말이지만
M08977.0	{C:25b}평양({C:25b}낙양{C:32b}){C:32b}에서 {V:01DA} 장군은⏎탐색을 하던 중에⏎{C:25b}채염{C:32b}의 소식을 듣게 되었다⏎{C:25b}채염{C:32b}은 {C:25b}동탁{C:32b}의 난리 통에⏎흉노에게 끌려가⏎지금도 그 땅에 산다고 한다
M08978.0	흉노에게 금을 {V:65} 보내⏎{C:25b}채염{C:32b}을 데려오시겠습니까?⏎　실행무장: {V:01DA}⏎　군단금: {V:66}
M08979.0	흉노가 {C:25b}채염{C:32b}과 함께⏎금 {V:65}도 돌려보냈습니다
M08980.0	아아, 다시 이 땅으로⏎돌아올 날이 오다니……⏎⏎{V:01DA} 님,⏎답례로 흉노에서 배운 것을⏎가르쳐 드리겠어요
M08981.0	그 뒤로 {C:25b}채염{C:32b}이 중원 땅을 밟는 일은⏎두 번 다시 없었다……
M08982.0	{V:01DA} 장군이 찾아갔을 때⏎{V:3DA2}의 백성은⏎{V:79}에 시달리고 있었다
M08982.1	{V:01DA}의 {V:3DA2} 방문에⏎{V:79}에 시달리는 백성들이⏎{V:01DA}의 곁으로 몰려왔다
M08983.0	{V:02DA} 님!⏎부디 {V:79}에서⏎저희를 구해 주십시오!
M08983.1	{V:79}의 피해가 극심해⏎살아가기조차 힘듭니다⏎{V:02DA} 님, 자비를……
M08983.2	{V:79}에 가족이……⏎{V:02DA} 님, 부디 도와주십시오!
M08984.0	{V:1FC7}군 분들은⏎백성 따위는⏎아무래도 좋다는 건가……
M08984.1	{V:02DA} 님은⏎자기만 좋으면⏎남은 안중에도 없으신가……
M08984.2	이것이 {V:1FC7}군의⏎방식이란 말이군……
M08985.0	{V:02DA} 님,⏎저희 의용병 {V:65}명도⏎나라를 위해 싸우게 하십시오!
M08985.1	{V:02DA} 님,⏎의용병 {V:65}명 모았습니다⏎부디 저희를 병사로!
M08985.2	{V:02DA} 님,⏎의용병 {V:65}명 모았습니다⏎{V:1FC7}군에 받아 주십시오!
M08986.0	{V:01DA} 장군은⏎의용병 {V:65}명을⏎{V:3DA2} 병사로 편입했습니다
M08987.0	감사합니다⏎하루빨리 공을 세울 수 있도록⏎힘내겠습니다!
M08987.1	저희의 활약을⏎기대해 주십시오
M08987.2	나라를 위해⏎분골쇄신하겠습니다!
M08988.0	저희의 의욕을⏎알아주셨으면 했는데……
M08988.1	{V:02DA} 님이라면⏎저희 마음에 응해 주실 거라고⏎생각했는데……
M08988.2	저희의 끓어오르는 마음을⏎헤아려 주셨으면 했는데……
M08989.0	백성들은 떠나갔습니다
M08989.1	백성들이 {V:02DA}에게서⏎물러갔습니다
M08990.0	못된 {V:79} 놈이⏎판을 치고 있어서……⏎도와주실 수 없겠습니까?
M08990.1	{V:02DA} 님,⏎부디 못된 {V:79} 놈을⏎여기서 쫓아내 주십시오!
M08990.2	{V:02DA} 님,⏎부디 못된 {V:79}에게서⏎저희를 구해 주십시오!
M08991.0	{V:01DA} 장군은⏎악덕 {V:79}들을⏎보기 좋게 몰아냈습니다
M08991.1	{V:01DA} 장군은 {V:3DA2}에서⏎악덕 {V:79}들을 쫓았습니다
M08991.2	{V:01DA}의 활약으로⏎악덕 {V:79}들은⏎{V:3DA2}에서 달아났습니다
M08992.0	악덕 {V:79} 제거에⏎{V:01DA} 장군이 실패했습니다
M08992.1	{V:01DA}의 노력도 헛되이⏎악덕 {V:79}들은 {V:3DA2}에⏎눌러앉았습니다
M08992.2	{V:01DA} 장군은⏎악덕 {V:79}들에게 역습당했습니다
M08993.0	{V:02DA} 님도⏎저놈들과 한패였단 말인가……
M08993.1	{V:1FC7}군에서는⏎악덕 {V:79} 같은 자들이⏎이득을 보는 모양이군
M08993.2	이런 나라에서는⏎어서 떠나고 싶구나
M08994.0	{V:3DA2}에 들른 {V:01DA}에게⏎웬 {V:79} 한 명이 다가왔다
M08994.1	{V:01DA}의 {V:3DA2} 방문을⏎{V:79} 한 명이 활짝 웃으며⏎반겨 맞았다
M08994.2	{V:3DA2}에서는⏎{V:79} 한 명이 {V:01DA}에게⏎찾아와 있었다
M08995.0	오늘은 {V:02DA} 님께⏎긴히 부탁드릴 것이⏎있습니다만……⏎금을 {V:65} 드릴 테니⏎저에게 특별한 편의를⏎봐주실 수 없겠습니까?
M08995.1	{V:02DA} 님,⏎여기, 금 {V:65}입니다⏎⏎이것으로 저를⏎잘 봐주실 수 없겠습니까?
M08995.2	요즘은 이래저래⏎백성들이 시끄러워서⏎견딜 수가 없습니다⏎{V:02DA} 님,⏎금을 {V:65} 드릴 테니⏎편의를 봐주실 수 없겠습니까?
M08996.0	역시 {V:02DA} 님이십니다⏎앞으로도 서로 주고받으며⏎잘 지내 보시지요
M08996.1	{V:02DA} 님이라면⏎받아 주실 거라고⏎믿고 있었습니다
M08996.2	{V:02DA} 님과 손잡는다면⏎두려울 것이 없겠군요
M08997.0	{V:02DA} 님도 짓궂으셔……⏎그럼 금 {V:65}에⏎거래를 매듭짓지요
M08997.1	{V:02DA} 님도 수완가시군요⏎그렇다면⏎금 {V:65}까지 내지요
M08997.2	금을 {V:65} 드리면⏎{V:02DA} 님도 납득하시겠지요
M08998.0	흥⏎꽉 막힌 녀석 같으니……
M08998.1	원 참……⏎{V:1FC7}군 분들과는⏎영 거래하기 어렵군
M08998.2	{V:02DA} 님도⏎보는 눈이 없군……
M08999.0	{V:3DA2}에 들른 {V:01DA}에게⏎한 나그네가 다가왔다
M08999.1	{V:3DA2}에 들른⏎{V:01DA}의 곁으로⏎한 나그네가 다가왔다
M08999.2	{V:3DA2}에서 {V:01DA}에게⏎한 나그네가 말을 걸어왔다
M09000.0	이 근방에서⏎장사를 하고 싶습니다만⏎허락해 주실 수 없겠습니까?
M09000.1	이 근방에서⏎무대 공연을 열고 싶습니다만⏎괜찮겠습니까?
M09001.0	역시 {V:02DA} 님이십니다⏎흔쾌히 허락해 주셔서⏎감사합니다
M09001.1	소문대로 {V:1FC7}군 분들은⏎너그러우시군요
M09001.2	{V:02DA} 님이라면⏎흔쾌히 허락해 주실 거라⏎생각했습니다
M09002.0	……알겠습니다⏎필요한 만큼⏎지불하겠습니다
M09002.1	{V:1FC7} 세력에서는⏎무슨 일이든 돈이 먼저로군요
M09002.2	아니, 이런!⏎{V:1FC7}군은 나그네에게도⏎돈을 받는 겁니까?
M09003.0	그렇습니까……⏎어쩔 수 없군요⏎다른 곳을 알아보겠습니다
M09003.1	{V:1FC7}군의 영내에서는⏎뭐 하나 자유롭지 못하군요
M09003.2	알겠습니다⏎저희로서도⏎오래 머물고 싶지 않습니다
M09004.0	{V:01DA} 장군이 찾아갔을 때⏎{V:3DA2}의 축제가 한창이었다
M09004.1	{V:01DA} 장군이 가 보니⏎{V:3DA2}에서 차려입은 이들이⏎축제를 즐기고 있었다
M09005.0	{V:02DA} 님도⏎함께 즐기지 않으시겠습니까?
M09005.1	{V:02DA} 님도⏎축제에 참여하지 않겠습니까?
M09005.2	마침 잘⏎오셨습니다⏎{V:02DA} 님도 함께 어떠세요?
M09006.0	그럼⏎신나게 즐겨 봅시다!
M09006.1	{V:02DA} 님,⏎우선 한 잔 받으시지요
M09006.2	이렇게 {V:02DA} 님과 함께⏎축제를 즐길 수 있다니⏎뜻밖의 큰 기쁨입니다
M09007.0	그렇습니까……⏎그거 아쉽군요
M09007.1	{V:02DA} 님도⏎바쁘신 걸까요?
M09007.2	다음에는⏎함께 즐기시지요!
M09008.0	백성들이 {V:02DA}에게서⏎축제로 돌아갔습니다
M09008.1	백성들은 축제로⏎돌아갔습니다
M09009.0	무, 무슨 짓을……!⏎일 년에 한 번뿐인 축제를⏎즐겼을 뿐이란 말입니다……
M09009.1	어째서 저희가 이런 일을……⏎……윽……
M09009.2	히익……⏎무, 무슨 짓을 하십니까!⏎……으악……
M09010.0	{V:01DA} 장군은⏎축제에 참가한 이들을 처단해⏎백성에게 위엄을 보였습니다
M09010.1	{V:01DA}의 백성 처단으로⏎영내의 기강이 바로잡혔습니다
M09010.2	{V:01DA} 장군은 태만의 본보기로⏎축제에 참가한 이들을 처단했습니다
M09011.0	토지신께서 저희에게 벌을……⏎{V:02DA} 님!⏎부디 도와주십시오!
M09011.1	{V:02DA} 님!⏎부디 토지신님의 노여움에서⏎저희를 구해 주십시오!
M09011.2	도와주십시오!⏎토지신님의 노여움을 달래려고⏎딸이 제물로……!
M09012.0	{V:01DA}의 활약으로⏎토지신을 사칭하던 도적이⏎마을 사람들에게 넘겨졌습니다
M09012.1	{V:01DA} 장군은 토지신을⏎사칭하던 도적의 정체를 밝혀⏎{V:3DA2}에서 쫓아냈습니다
M09012.2	{V:01DA} 장군은⏎토지신 이름을 팔던 도적을⏎멋지게 퇴치했습니다
M09013.0	{V:01DA} 장군은⏎토지신의 습격을 받고⏎{V:3DA2}에서 달아났습니다
M09013.1	토지신의 재앙으로⏎{V:01DA} 장군이 역습당했습니다
M09013.2	{V:01DA} 장군은 토지신에게⏎여지없이 패배했습니다
M09014.0	{V:01DA} 장군은⏎금을 {V:65} 써서 도적떼를⏎설득해 횡포를 막았습니다
M09014.1	금 {V:65}의 힘으로 도적떼와⏎{V:01DA}의 담판이 성사됐습니다
M09014.2	금을 {V:65} 써서 도적에게⏎{V:01DA}의 회유가 통했습니다
M09015.0	{V:79}에게 쫓기던 나그네가⏎{V:01DA}에게 구원을 청했습니다
M09015.1	{V:01DA} 장군은 {V:3DA2}에서⏎{V:79}에 쫓기는 나그네를 봤다
M09015.2	{V:3DA2}에 간 {V:01DA}의 곁으로⏎{V:79}에게 쫓기던 나그네가⏎황급히 달려왔다
M09016.0	{V:01DA} 장군은⏎답례로 사례금을⏎{V:65} 받았습니다
M09016.1	{V:01DA}에게 사례로⏎금이 {V:65} 전해졌습니다
M09016.2	나그네로부터⏎{V:01DA}에게 사례금이⏎{V:65} 전해졌습니다
M09017.0	{V:01DA} 장군이 가 보니⏎{V:3DA2}에서 {V:79}끼리⏎영역 다툼을 벌이고 있었다
M09018.0	뭐야? 넌 뭐냐?⏎우린 바쁘단 말이다!⏎썩 꺼져!
M09018.1	이봐!⏎다치기 싫으면⏎외지 놈은 빠져 있어!
M09018.2	외지 놈이 무슨 볼일이냐?⏎꺼져!
M09019.0	{V:01DA} 장군은⏎{V:79}들의 다툼을⏎훌륭히 중재했습니다
M09019.1	{V:01DA} 장군은⏎{V:79}들을 싸운 죄로⏎양쪽 모두 벌했습니다
M09020.0	그 붉은 두건은……⏎소, {C:25b}손견{C:32b} 님!!⏎도, 돌아와 계셨습니까!⏎옛날부터 신세를 지면서도⏎꼴사나운 모습을……⏎부디 이걸로 용서해 주십시오
M09020.1	그 귀! 그 팔! 그 얼굴!⏎아, 나리께서는…… 혹시⏎우리 의협의 별・{C:25b}유비{C:32b} 님!⏎이건, 그게……⏎크나큰 무례를 범했습니다⏎부디 이걸로 용서해 주십시오
M09020.2	그, 그 갑옷과 투구는……⏎설마, 신위장군님!?⏎몰라뵈어 죄송합니다⏎그런 줄도 모르고⏎크나큰 무례를 범했습니다⏎부디 자비를……
M09020.3	그, 그 극은……!?⏎설마, 나리께서는⏎천하무쌍의 {C:25b}여포{C:32b} 님!⏎이, 이거 죄송합니다⏎무례를 범하고 말았습니다⏎……부디, 목숨만은……
M09020.4	이거, 몰라뵈었습니다요⏎부디 저희도⏎한 식구로 받아 주십쇼
M09021.0	아, 나리께서는……⏎분명 {V:1FC7} 님 휘하의 분!⏎이거 꼴사나운 모습을……⏎죄송했습니다⏎부디 {V:1FC9} 님께는 비밀로⏎이건 중재해 주신 사례입니다
M09022.0	끼어들지 말라고!
M09023.0	{V:3DA2}의 {V:79} 난동으로⏎백성이 막대한 피해를 입었다
M09023.1	{V:3DA2}에서 {V:01DA} 장군은⏎{V:79}에 떠는 백성을 봤다
M09023.2	{V:01DA} 장군이 찾아갔을 때⏎{V:3DA2}에서는⏎{V:79}들이 날뛰고 있었다
M09024.0	{V:01DA} 장군은 {V:79} 두목을⏎사로잡고 도적떼를 쫓았습니다
M09024.1	{V:79} 두목이 {V:01DA}에게⏎사로잡혔습니다
M09024.2	{V:01DA} 장군은 도적을 쳐서⏎{V:79} 두목을 생포했습니다
M09025.0	{V:79} 두목을 어떻게 할까요?⏎　실행무장: {V:01DA}
M09026.0	{V:01DA} 장군이 {V:3DA2}에 가 보니⏎많은 백성이 {V:79} 피해에 시달렸다
M09026.1	{V:01DA} 장군이 찾아갔을 때⏎{V:3DA2}의 주민들은⏎{V:79} 공포에 떨고 있었다
M09027.0	{V:79} 때문에⏎마음 놓고 살 수가 없습니다⏎부디 살려 주십시오……
M09027.1	{V:79}에게 가족이……⏎{V:02DA} 님,⏎부디 도와주십시오
M09027.2	{V:02DA} 님,⏎{V:79} 놈을 처치해 주십시오
M09028.1	{V:01DA}의 활약으로⏎{V:79}에게서⏎산을 되찾았습니다
M09028.2	{V:01DA} 장군은⏎{V:79}에게 멋지게 이겼습니다
M09029.0	{V:01DA} 장군은 {V:79}에게⏎공격받고 줄행랑을 쳤습니다
M09029.1	{V:01DA} 장군은 혼비백산하여⏎{V:79}에게서 도망쳤습니다
M09029.2	{V:79}의 맹공에⏎{V:01DA} 장군은 {V:3DA2}에서⏎쫓겨났습니다
M09030.0	{V:3DA2}에 온 {V:01DA} 앞에⏎한 줄기 괴풍과 함께⏎{V:79}의 모습이 나타났다
M09031.0	어떻게 하시겠습니까?⏎　실행무장: {V:01DA}⏎　무력: {V:65}
M09032.0	{V:01DA} 장군은 사투 끝에⏎{V:79}에게 멋지게 이겼습니다
M09033.0	{V:01DA} 장군은 구사일생으로⏎{V:79}에게서 달아났습니다
M09034.0	{V:01DA} 장군은 전력을 다해⏎{V:79}에게서 도망쳤습니다
M09035.0	{V:01DA} 장군이 탐색하던 중⏎궁중에서는 {C:25b}동작{C:32b}이⏎신비로운 빛을 발하고 있었다
M09036.0	금을 {V:65} 들여 동작대를⏎조영하도록 건의하시겠습니까?⏎　실행무장: {V:01DA}⏎　군단금: {V:66}
M09037.0	{V:01DA}의 보고가 올라오자⏎{V:1FC9}의 명으로 동작대가 서고⏎성대한 연회가 열렸다
M09038.0	{V:01DA} 장군은 {V:1FC9}에게⏎동작대 조영을⏎진언하지 않았습니다
M09039.0	{V:3DA2} 땅은⏎{V:79}의 연고지로⏎알려져 있었다
M09039.1	{V:01DA} 장군이 찾아갔을 때⏎{V:3DA2}에서는 사람들이 고장의⏎선현과 유적을 기리고 있었다
M09040.0	금을 {V:65} 들여 {V:79}의 비문을⏎세워 제사를 지내시겠습니까?⏎　실행무장: {V:01DA}⏎　군단금: {V:66}
M09041.0	{V:01DA} 장군은 목욕재계하고⏎{V:79}의 비문 앞에서⏎하늘에 선현을 제사 지냈다
M09042.0	{V:01DA} 장군은 {V:79}의⏎비문 건립을 단념했습니다
M09043.0	{V:3DA2} 일대는⏎{V:79}의 연고지로⏎알려져 있었다
M09043.1	{V:3DA2}에 이르자 {V:01DA}의⏎{V:1543}에서 찬란한 빛이 났다
M09044.0	금을 {V:65} 들여⏎{V:79} 제사를 지내시겠습니까?⏎　실행무장: {V:01DA}⏎　군단금: {V:66}
M09045.0	{V:1543} 아이템을 손에 든⏎{V:01DA} 장군은 {V:79}께⏎기도를 올리며 제사를 지냈다
M09045.1	{V:01DA} 장군은 {V:79}께⏎{V:1543} 아이템을 바쳤다
M09046.0	{V:01DA} 장군은⏎{V:79} 제사를 단념했습니다
M09047.0	{V:3DA2}의 지형은⏎{V:79} 조련에 안성맞춤이었다
M09047.1	{V:3DA2} 일대는⏎{V:79} 조련에 최적의 장소였다
M09047.2	{V:3DA2}에서는⏎{V:79} 조련이 빈번히 이루어졌다
M09048.0	금을 {V:65} 들여⏎{V:79} 조련하시겠습니까?⏎　실행무장: {V:01DA}⏎　군단금: {V:66}
M09049.0	{V:01DA} 장군은 {V:3DA2}에서⏎부하와 {V:79} 조련에 힘썼다
M09049.1	{V:01DA} 장군은⏎{V:79} 조련을 되풀이했다
M09049.2	{V:01DA} 장군은 {V:3DA2}에서⏎{V:79} 조련을 쌓았다
M09050.0	{V:01DA} 장군은⏎{V:79} 감이 예리해졌습니다
M09050.1	{V:01DA} 장군은⏎{V:79}의 향상을 절감했습니다
M09050.2	{V:01DA} 장군은⏎{V:79} 솜씨가 크게 늘었습니다
M09051.0	{V:01DA} 장군은⏎{V:79} 감을 잡았습니다
M09051.1	{V:01DA} 장군은⏎{V:79} 향상을 실감했습니다
M09051.2	{V:01DA} 장군은⏎{V:79} 솜씨가 늘었습니다
M09052.0	{V:01DA} 장군은⏎{V:79} 감을 조금 잡았습니다
M09052.1	{V:01DA} 장군은⏎{V:79} 향상을 그다지⏎실감하지 못했습니다
M09052.2	{V:01DA} 장군은⏎{V:79} 솜씨가 좀 늘었습니다
M09053.0	{V:01DA} 장군은⏎{V:79} 조련을 중지했습니다
M09053.1	{V:01DA} 장군은⏎그대로 {V:3DA2}에서 떠났습니다
M09053.2	{V:01DA} 장군은⏎{V:3DA2} 조련을 단념했습니다
M09054.0	{V:3DA2} 일대는⏎{V:79} 상인의 거점으로⏎알려져 있었다
M09054.1	{V:3DA2}에서는⏎{V:79} 상인들의 거래가⏎활발히 이루어지고 있었다
M09054.2	{V:01DA} 장군이 찾아갔을 때⏎{V:3DA2}에선 {V:79} 상인의⏎거래가 한창이었다
M09055.0	어떻습니까?⏎{V:02DA} 님도 {V:79}에⏎투자해 주시지 않겠습니까?
M09055.1	{V:02DA} 님,⏎{V:79}에⏎투자해 보시지 않겠습니까?
M09055.2	{V:02DA} 님,⏎얼마간 투자해 보시겠습니까?⏎거래로 두 배로 불려 드리지요
M09056.0	투자 금액을 설정하십시오
M09057.0	맡겨 주십시오⏎반드시 성공해⏎보여 드리겠습니다
M09057.1	{V:02DA} 님의 기대를⏎저버리지 않을 테니⏎부디 안심하십시오
M09057.2	금 {V:65} 말씀이군요⏎확실히 맡았습니다⏎좋은 소식을 기다려 주십시오
M09058.0	{V:79} 상인이 돌아왔습니다
M09059.0	기뻐하십시오!⏎이번 거래는⏎보기 좋게 성공했습니다
M09059.1	이번 거래는⏎성공이었습니다⏎자, 받으십시오
M09059.2	{V:02DA} 님,⏎이번 거래는⏎성공이었습니다
M09060.0	죄송합니다⏎이번에는 실패했습니다⏎부디 다음을 기대해 주십시오
M09060.1	{V:02DA} 님,⏎유감스럽게도⏎이번에는 실패였습니다
M09060.2	죄송합니다⏎이번 교역은⏎실패였습니다
M09061.0	{V:01DA} 장군은⏎투자금을 {V:65} 잃었습니다
M09062.0	그럼⏎또 기회가 있으면⏎불러 주십시오
M09062.1	{V:02DA} 님,⏎다음에는 일확천금을⏎노려 봅시다!
M09062.2	그거 아쉽군요!⏎그럼 다음 기회에는⏎잘 부탁드립니다
M09063.0	{V:79} 상인이⏎떠나갔습니다
M09064.0	어째서 이런 일을……⏎……윽……
M09064.1	이, 이것이 {V:1FC7}군의⏎백성을 대하는 방식입니까……
M09064.2	이, 이런 일이 용납될 거라고⏎생각하십니까……
M09065.0	{V:1FC7}군은⏎앞으로 {V:79} 상인과는⏎교역할 수 없게 되었습니다
M09066.0	금을 {V:65} 지불하고⏎{C:25b}좌자{C:32b}에게 배우시겠습니까?⏎　실행무장: {V:01DA}⏎　군단금: {V:66}
M09067.0	{C:25b}좌자{C:32b}에게 {C:25b}둔갑천서{C:32b}를 줍니까?⏎　실행무장: {V:01DA}
M09068.0	무례막심한 {C:25b}예형{C:32b}, 어찌할까요?⏎　실행무장: {V:01DA}
M09069.0	{V:01DA} 대신 금을 {V:65} 내시겠습니까?⏎　실행무장: {V:02DA}⏎　군단금: {V:66}
M09070.0	백성의 탄원을 들어줍니까?⏎　실행무장: {V:01DA}⏎　군단금: {V:65}　군단병량: {V:66}
M09071.0	의용병 {V:65}명을 받아들입니까?⏎　실행무장: {V:01DA}
M09072.0	고발된 악인을 어떻게 처분합니까?⏎　실행무장: {V:01DA}⏎　무력: {V:65}　정치: {V:66}
M09073.0	뇌물을 {V:65} 받으시겠습니까?⏎　실행무장: {V:01DA}⏎　군단금: {V:66}
M09074.0	나그네의 요청을 들어줍니까?⏎　실행무장: {V:01DA}⏎　군단금: {V:65}
M09075.0	백성들과 축제에 참여합니까?⏎　실행무장: {V:01DA}
M09076.0	백성을 위해 괴물을 없앱니까?⏎　실행무장: {V:01DA}⏎　무력: {V:65}　정치: {V:66}
M09077.0	백성을 위해 도적을 없앱니까?⏎　실행무장: {V:01DA}⏎　통솔: {V:65}　군단금: {V:66}
M09078.0	도적을 쫓고 나그네를 구합니까?⏎　실행무장: {V:01DA}⏎　통솔: {V:65}
M09079.0	도적들의 다툼을 중재합니까?⏎　실행무장: {V:01DA}⏎　무력: {V:65}　정치: {V:66}
M09080.0	백성을 위해 범을 퇴치합니까?⏎　실행무장: {V:01DA}⏎　무력: {V:65}
M09081.0	상인에게 금을 투자합니까?⏎　실행무장: {V:01DA}⏎　군단금: {V:65}
M09082.0	어느 날 {V:01DA} 장군은⏎{V:02DA}에게 초대를 받았다
M09088.0	어느 날 {V:01DA} 장군은⏎{V:02DA}에게 초대를 받았다
M09083.0	{V:02DA},⏎학문에 힘쓰고 있는가?
M09084.0	송구하오나⏎무인인 소장에게⏎학문은 필요치 않습니다
M09085.0	그대가 장수로서 성장하는 데⏎학문은 반드시 도움이 되네⏎속는 셈 치고 힘써 보게
M09086.0	{V:01DA} 장군은 그날부터⏎학문에 힘쓰게 되었다
M09087.0	{V:01DA}, 학문에 힘써 지력 상승⏎현재 지력: {V:65}(+{V:66})
M09099.0	{V:01DA}, 학문에 힘써 지력 상승⏎현재 지력: {V:65}(+{V:66})
M09089.0	{V:02DA},⏎학문은 잘 되어 가는가?
M09090.0	틈틈이 책을 읽고⏎있습니다만, 바빠서⏎생각만큼 진척이 없습니다
M09091.0	나도 정무 틈틈이 배우고 있네⏎그대는 이해력이 있으니⏎더 시간을 내어 배워 보게
M09092.0	{V:01DA} 장군은 심기일전하여⏎그날부터 더욱 학문에 힘썼다
M09093.0	{V:01DA}, 학문을 더해 지력 상승⏎현재 지력: {V:65}(+{V:66})
M09094.0	어느 날 {V:01DA} 장군은⏎{V:02DA}에게 초대를 받았다⏎⏎두 사람은 전술에 대해 논했다
M09095.0	음, 훌륭하네!⏎언젠가는 {V:02DD}마저도⏎능가할지 모르겠군
M09096.0	소장은 재주가 없어⏎{V:02DA} 님께는 못 미칩니다⏎더욱 정진해야겠습니다……
M09097.0	이토록 경험을 쌓고서도⏎여전히 향상을 꾀하는가⏎참으로 훌륭한 마음가짐일세⏎앞으로도⏎우리 군을 위해 힘써 주게나
M09098.0	{V:01DA} 장군은 그 후에도⏎학문에 힘써 군략 논의에⏎없어서는 안 될 존재가 되었다
M09100.0	어느 날 {V:01DA} 장군이⏎{V:02DA}의 저택을 방문했다
M09101.0	나는 젊었을 때⏎옛 경전을 읽고⏎큰 도움을 얻었소⏎{V:02DA} 공도 읽어 보시는 게⏎어떻겠소?
M09102.0	지금을 살려면 지금의 지식만⏎있으면 된다고 생각합니다만
M09103.0	옛사람이 남긴 기록을⏎어찌 살릴지는 본인 나름이오⏎⏎귀공은 재치가 있으니⏎두루 응용할 수 있을 것이오⏎한번 해 보시오
M09104.0	{V:01DA} 장군은 심기일전하여⏎그날부터 옛 경전을 공부했다
M09105.0	{V:01DA}, 견문을 넓혀 정치 상승⏎현재 정치: {V:65}(+{V:66})
M09106.0	어느 날 {V:01DA} 장군은⏎{V:02DA}의 저택을 찾아⏎전략을 논했다⏎일찍이 무용 일변도였던⏎{V:02DA} 장군이 이제는⏎훌륭한 논리를 펼치게 되었다
M09107.0	꽤나 정진하셨나 보군⏎이게 정말 오나라에 있던⏎그 아몽인가?
M09108.0	무릇 선비란⏎사흘만 떨어져 있어도⏎괄목상대해야 하는 법입니다
M09109.0	과연⏎멍하니 있다가는⏎나도 추월당하고 말겠군
M09110.0	{V:01DA}의 독서는 계속되었고⏎그 양은 유학자 뺨칠 정도였다
M09111.0	{V:01DA}, 식견을 쌓아 정치 상승⏎현재 정치: {V:65}(+{V:66})
M09112.0	어느 날 {V:01DA} 장군에게⏎{V:02DA}의 방문이 있었다⏎두 사람은 전술에 대해 논했다
M09113.0	지금의 귀공이라면⏎모략을 쓴 전법도 가능하겠소⏎배워 보는 게 어떻겠소?
M09114.0	……그렇군요⏎그럼 당장⏎배워 보기로 하지요
M09115.0	{V:01DA} 장군은 독학으로⏎{V:4761}에 {V:4861}도 익혔습니다
M09115.1	{V:01DA} 장군은 독학으로⏎{V:4761} 병법을 익혔습니다
M09116.0	⏎　연환계・전편⏎
M09117.0	⏎　연환계・후편⏎
M09118.0	⏎　삼고초려・전편⏎
M09119.0	⏎　삼고초려・후편⏎
M09120.0	⏎　관도대전⏎
M09121.0	⏎　적벽대전⏎
M09122.0	⏎　망봉래⏎
M09123.0	⏎　봉선⏎
M09124.0	⏎　한중왕⏎
M09125.0	⏎　산양공⏎
M09126.0	⏎　출사표⏎
M09127.0	⏎　오호장군⏎
M09128.0	⏎　이교⏎
M09129.0	⏎　손상향⏎
M09130.0	{V:01DA} 님, {V:02DA} 장군이⏎알현을 청하고 있습니다
M09131.0	저는 늘 제 부족함을⏎통감하며, 더욱 정진하고⏎싶다고 생각합니다
M09131.1	저는 늘 재주 없음을 한탄하며⏎더욱 정진할 필요를⏎통감하고 있습니다
M09131.3	저는 늘 재주 없음을 한탄하며⏎더욱 정진할 필요를⏎통감하고 있습니다
M09131.2	나는 늘 내 부족함을⏎통감하며, 더욱 정진해야⏎한다고 생각하고 있네
M09132.0	그래서 부탁드리고 싶은데⏎{V:1543}, 이 {V:01DA}에게⏎넘겨주지 않겠습니까?
M09132.1	그래서 청이 있사온데⏎{V:1543}, 이 {V:01DA}에게⏎넘겨주실 수 없겠습니까?
M09132.3	그래서 청이 있사온데⏎{V:1543}, 이 {V:01DA}에게⏎넘겨주실 수 없겠습니까?
M09132.2	그래서 부탁하고 싶은데⏎{V:1543}, 이 {V:01DA}에게⏎넘겨주지 않겠나?
M09133.0	{V:1543},⏎{V:01DA}에게 주시겠습니까?
M09134.0	고맙습니다⏎앞으로 더 큰 활약을⏎약속드리지요
M09134.1	감사합니다⏎앞으로의 제 활약상을⏎지켜봐 주십시오
M09134.2	고맙네⏎앞으로의 내 활약상을⏎잘 지켜보게나
M09134.3	감사합니다⏎앞으로 저의 활약상을⏎지켜보시옵소서
